"Marital status;Application mode;Application order;Course;""Daytime/evening attendance	"";Previous qualification;Previous qualification (grade);Nacionality;Mother's qualification;Father's qualification;Mother's occupation;Father's occupation;Admission grade;Displaced;Educational special needs;Debtor;Tuition fees up to date;Gender;Scholarship holder;Age at enrollment;International;Curricular units 1st sem (credited);Curricular units 1st sem (enrolled);Curricular units 1st sem (evaluations);Curricular units 1st sem (approved);Curricular units 1st sem (grade);Curricular units 1st sem (without evaluations);Curricular units 2nd sem (credited);Curricular units 2nd sem (enrolled);Curricular units 2nd sem (evaluations);Curricular units 2nd sem (approved);Curricular units 2nd sem (grade);Curricular units 2nd sem (without evaluations);Unemployment rate;Inflation rate;GDP;Target"
1;17;5;171;1;1;122.0;1;19;12;5;9;127.3;1;0;0;1;1;0;20;0;0;0;0;0;0.0;0;0;0;0;0;0.0;0;10.8;1.4;1.74;Dropout
1;15;1;9254;1;1;160.0;1;1;3;3;3;142.5;1;0;0;0;1;0;19;0;0;6;6;6;14.0;0;0;6;6;6;13.666666666666666;0;13.9;-0.3;0.79;Graduate
1;1;5;9070;1;1;122.0;1;37;37;9;9;124.8;1;0;0;0;1;0;19;0;0;6;0;0;0.0;0;0;6;0;0;0.0;0;10.8;1.4;1.74;Dropout
1;17;2;9773;1;1;122.0;1;38;37;5;3;119.6;1;0;0;1;0;0;20;0;0;6;8;6;13.428571428571429;0;0;6;10;5;12.4;0;9.4;-0.8;-3.12;Graduate
2;39;1;8014;0;1;100.0;1;37;38;9;9;141.5;0;0;0;1;0;0;45;0;0;6;9;5;12.333333333333334;0;0;6;6;6;13.0;0;13.9;-0.3;0.79;Graduate
2;39;1;9991;0;19;133.1;1;37;37;9;7;114.8;0;0;1;1;1;0;50;0;0;5;10;5;11.857142857142858;0;0;5;17;5;11.5;5;16.2;0.3;-0.92;Graduate
1;1;1;9500;1;1;142.0;1;19;38;7;10;128.4;1;0;0;1;0;1;18;0;0;7;9;7;13.3;0;0;8;8;8;14.345;0;15.5;2.8;-4.06;Graduate
1;18;4;9254;1;1;119.0;1;37;37;9;9;113.1;1;0;0;0;1;0;22;0;0;5;5;0;0.0;0;0;5;5;0;0.0;0;15.5;2.8;-4.06;Dropout
1;1;3;9238;1;1;137.0;62;1;1;9;9;129.3;0;0;0;1;0;1;21;1;0;6;8;6;13.875;0;0;6;7;6;14.142857142857142;0;16.2;0.3;-0.92;Graduate
1;1;1;9238;1;1;138.0;1;1;19;4;7;123.0;1;0;1;0;0;0;18;0;0;6;9;5;11.4;0;0;6;14;2;13.5;0;8.9;1.4;3.51;Dropout
1;1;1;9670;1;1;139.0;1;38;19;5;7;130.6;1;0;0;1;0;0;18;0;0;6;6;6;12.333333333333334;0;0;6;7;5;14.2;0;13.9;-0.3;0.79;Graduate
1;1;1;9500;1;1;136.0;1;19;38;9;9;119.3;1;0;0;1;0;1;18;0;0;8;8;7;13.214285714285714;0;0;8;8;7;13.214285714285714;0;12.7;3.7;-1.7;Graduate
1;1;2;9853;1;1;133.0;1;19;37;4;9;130.2;1;0;0;1;0;0;19;0;0;6;6;0;0.0;0;0;6;0;0;0.0;0;12.7;3.7;-1.7;Dropout
1;53;1;9254;1;42;110.0;1;1;1;4;7;111.8;1;0;0;1;0;1;21;0;0;6;7;6;10.571428571428571;0;0;6;8;5;11.0;0;8.9;1.4;3.51;Graduate
1;1;1;9085;1;1;149.0;1;38;37;5;5;137.1;1;0;0;1;0;1;18;0;0;5;7;4;13.25;0;0;5;5;5;12.0;0;10.8;1.4;1.74;Graduate
1;1;1;9773;1;1;127.0;1;19;37;9;3;120.7;1;0;0;1;0;0;20;0;0;6;6;5;13.2;0;0;6;7;0;0.0;0;15.5;2.8;-4.06;Dropout
1;18;1;9238;1;1;137.0;1;19;38;5;8;137.4;1;0;0;1;0;0;18;0;0;6;10;1;12.0;0;0;6;14;2;11.0;0;10.8;1.4;1.74;Enrolled
1;17;2;9500;1;1;135.0;1;19;1;5;4;127.3;1;0;0;1;0;0;18;0;0;7;8;7;13.30625;0;0;8;8;8;14.545;0;15.5;2.8;-4.06;Graduate
1;1;1;9130;1;1;137.0;1;3;19;3;5;136.3;1;0;0;1;0;0;20;0;0;5;8;4;12.5;1;0;5;8;4;12.25;2;10.8;1.4;1.74;Graduate
1;1;1;9853;1;1;140.0;1;19;19;7;7;124.6;1;0;0;1;0;0;18;0;0;7;7;6;11.666666666666666;0;0;7;8;6;13.5;0;16.2;0.3;-0.92;Enrolled
1;1;3;171;1;1;122.0;1;1;1;9;8;120.3;0;0;0;1;0;1;21;0;0;0;0;0;0.0;0;0;0;0;0;0.0;0;11.1;0.6;2.02;Graduate
1;18;4;9556;1;1;127.0;1;1;38;4;7;121.8;1;0;0;1;0;0;20;0;0;7;14;7;11.4375;0;0;8;9;8;11.425;0;12.7;3.7;-1.7;Enrolled
1;1;4;9500;1;1;142.0;1;19;19;1;1;125.5;1;0;0;1;0;0;18;0;0;8;12;7;12.857142857142858;0;0;8;12;7;12.857142857142858;0;12.7;3.7;-1.7;Graduate
1;1;4;9670;1;1;125.0;1;1;38;4;7;114.9;1;0;0;1;0;1;19;0;0;6;8;6;13.375;0;0;6;7;6;12.285714285714286;0;11.1;0.6;2.02;Graduate
1;1;1;9500;1;1;126.0;1;19;19;3;7;123.9;0;0;0;1;0;0;19;0;0;7;8;6;13.296666666666669;0;0;8;9;7;14.114285714285714;0;11.1;0.6;2.02;Graduate
1;1;1;9238;1;1;151.0;1;19;38;9;9;157.0;1;0;1;1;0;1;18;0;0;6;8;5;11.6;0;0;6;12;4;11.0;0;7.6;2.6;0.32;Enrolled
1;17;2;9238;1;1;115.0;1;19;38;7;8;116.4;1;0;0;1;0;0;21;0;0;6;9;6;11.375;0;0;6;9;6;13.285714285714286;0;16.2;0.3;-0.92;Graduate
1;1;1;9085;1;1;138.0;1;19;19;3;3;131.0;1;0;0;1;0;0;18;0;0;5;9;5;12.666666666666666;2;0;5;7;4;13.0;0;9.4;-0.8;-3.12;Enrolled
1;1;1;9147;1;1;135.0;1;19;1;9;9;122.1;1;0;0;1;0;0;20;0;0;5;6;5;12.0;0;0;5;6;5;12.333333333333334;0;16.2;0.3;-0.92;Graduate
1;17;2;9500;1;1;127.0;1;3;3;1;10;118.8;1;0;0;1;1;0;19;0;0;7;9;6;12.933333333333332;0;0;7;7;6;13.716666666666669;0;16.2;0.3;-0.92;Enrolled
1;44;1;9003;1;39;150.0;1;4;5;4;2;150.0;0;0;0;1;1;0;21;0;0;6;15;5;11.857142857142858;0;0;6;17;5;10.571428571428571;0;16.2;0.3;-0.92;Enrolled
1;51;1;9070;1;1;125.0;1;42;3;125;124;130.0;1;0;0;1;1;0;20;0;2;6;7;6;12.833333333333334;0;0;6;9;4;13.4;0;8.9;1.4;3.51;Graduate
1;1;1;9147;1;1;143.0;1;1;1;4;6;138.8;0;0;0;0;1;0;18;0;0;5;9;3;11.333333333333334;0;0;5;8;2;13.5;0;8.9;1.4;3.51;Enrolled
1;18;1;8014;0;1;138.0;1;19;1;9;5;134.5;1;0;0;1;0;0;19;0;0;6;6;6;12.666666666666666;0;0;6;8;6;14.375;0;12.4;0.5;1.79;Graduate
1;1;1;9991;0;1;130.0;1;2;37;3;9;131.4;0;0;0;1;1;0;34;0;0;5;6;5;12.4;0;0;5;9;5;13.428571428571429;0;13.9;-0.3;0.79;Graduate
1;39;1;33;1;1;130.0;1;38;37;9;6;102.5;0;0;1;0;1;0;37;0;0;7;7;0;0.0;0;0;7;7;1;10.0;0;8.9;1.4;3.51;Dropout
1;39;1;9119;1;10;133.1;1;34;37;0;0;128.8;1;0;0;1;1;0;43;0;0;5;0;0;0.0;0;0;5;0;0;0.0;0;7.6;2.6;0.32;Dropout
1;43;1;9147;1;1;140.0;1;37;37;6;6;122.9;0;0;0;1;0;0;55;0;0;5;10;1;10.0;0;0;5;8;2;12.0;2;16.2;0.3;-0.92;Dropout
4;39;1;9991;0;1;120.0;1;19;19;9;3;113.9;1;0;0;1;0;0;39;0;0;5;8;5;11.0;0;0;5;5;5;11.6;0;7.6;2.6;0.32;Graduate
1;44;1;9130;1;39;120.0;6;4;4;3;6;120.0;0;0;1;0;0;0;20;1;2;6;13;3;11.666666666666666;0;1;6;11;3;12.0;0;12.4;0.5;1.79;Dropout
1;1;5;9773;1;1;126.0;1;3;3;2;2;121.1;0;0;1;1;0;0;18;0;0;6;6;4;12.75;0;0;5;5;0;0.0;0;12.7;3.7;-1.7;Dropout
1;1;2;9147;1;1;133.0;1;3;19;2;7;120.4;1;0;0;1;0;0;22;0;0;5;5;5;14.8;0;0;5;5;5;15.8;0;8.9;1.4;3.51;Graduate
1;1;6;9500;1;1;103.0;1;1;3;2;2;100.6;1;1;0;1;0;0;22;0;0;7;9;5;13.928;0;0;8;9;7;14.342857142857142;0;11.1;0.6;2.02;Graduate
1;17;1;9773;1;1;120.0;1;1;38;5;5;121.4;0;0;0;0;0;0;20;0;0;6;7;4;13.0;0;0;6;7;5;13.8;0;12.4;0.5;1.79;Dropout
1;39;1;9991;0;1;133.1;1;37;37;9;9;109.7;0;0;0;1;0;0;29;0;0;5;0;0;0.0;0;0;5;0;0;0.0;0;16.2;0.3;-0.92;Dropout
1;17;1;9991;0;1;154.0;1;38;38;4;5;134.1;0;0;0;1;0;0;24;0;0;5;9;2;11.5;0;0;5;11;3;14.333333333333334;1;7.6;2.6;0.32;Enrolled
1;17;2;9238;1;1;130.0;1;19;19;9;9;127.6;1;0;0;1;0;0;18;0;0;6;6;6;11.666666666666666;0;0;6;8;5;13.2;0;11.1;0.6;2.02;Graduate
1;17;6;9500;1;1;132.0;1;37;19;7;7;132.4;1;0;0;1;0;1;22;0;0;7;8;6;13.516666666666666;0;0;8;9;7;13.771428571428572;0;11.1;0.6;2.02;Graduate
1;44;1;8014;0;39;130.0;1;1;19;9;9;133.4;0;0;0;1;0;1;21;0;3;6;6;6;11.5;0;2;6;7;6;13.285714285714286;0;12.4;0.5;1.79;Graduate
1;1;1;9238;1;1;139.0;1;37;38;9;9;126.1;0;0;0;1;0;1;19;0;0;6;7;5;12.333333333333334;0;0;6;7;6;12.833333333333334;0;12.7;3.7;-1.7;Graduate
1;39;1;9254;1;1;130.0;1;19;38;9;7;113.5;0;0;0;1;0;1;24;0;0;6;6;6;13.666666666666666;0;0;6;6;6;14.166666666666666;0;12.4;0.5;1.79;Graduate
1;1;1;9500;1;1;139.0;1;37;38;6;6;121.3;1;0;0;1;0;1;19;0;0;8;10;6;11.833333333333334;0;0;8;10;6;11.833333333333334;0;9.4;-0.8;-3.12;Enrolled
1;1;1;9773;1;1;127.0;1;1;19;7;7;121.8;1;0;0;1;0;1;20;0;0;6;11;4;14.0;0;0;6;12;3;11.0;0;9.4;-0.8;-3.12;Enrolled
1;1;3;9130;1;1;167.0;1;37;37;90;90;159.3;0;0;0;1;0;0;19;0;0;5;7;5;14.714285714285714;0;0;5;5;5;15.8;0;7.6;2.6;0.32;Graduate
1;39;1;9991;0;1;130.0;1;38;38;9;9;120.0;0;0;0;1;0;0;27;0;0;5;12;5;10.6;0;0;5;10;5;11.0;0;9.4;-0.8;-3.12;Dropout
1;1;1;9500;1;1;130.0;1;1;19;5;5;129.1;1;0;0;1;0;0;18;0;0;7;9;7;13.044444444444444;0;0;8;10;8;13.595;0;15.5;2.8;-4.06;Graduate
2;7;1;9254;1;3;130.0;1;1;3;4;3;130.0;0;0;0;1;0;0;39;0;0;6;10;0;0.0;0;0;6;6;0;0.0;0;12.4;0.5;1.79;Dropout
1;39;1;9130;1;40;129.0;1;3;3;2;2;155.3;1;0;0;1;0;0;27;0;0;6;9;5;13.0;0;5;11;13;10;12.9;0;12.4;0.5;1.79;Dropout
1;17;1;9500;1;1;141.0;1;38;38;7;10;139.8;1;0;0;1;0;0;18;0;0;8;8;8;14.935;0;0;8;8;8;14.935;0;9.4;-0.8;-3.12;Graduate
1;1;3;171;1;1;125.0;1;38;37;4;9;115.2;1;0;0;1;0;0;18;0;0;0;0;0;0.0;0;0;0;0;0;0.0;0;7.6;2.6;0.32;Enrolled
1;1;2;9500;1;1;125.0;1;19;19;9;9;114.9;0;0;0;1;0;0;18;0;0;7;8;6;13.133333333333333;0;0;8;12;7;12.221428571428572;0;16.2;0.3;-0.92;Graduate
1;44;1;9238;1;39;130.0;1;19;1;9;9;131.9;0;0;0;1;0;1;21;0;3;6;7;6;12.0;0;2;6;7;6;12.0;0;13.9;-0.3;0.79;Graduate
1;17;3;171;1;1;133.0;1;1;37;4;7;126.0;1;0;0;1;1;1;19;0;0;0;0;0;0.0;0;0;0;0;0;0.0;0;10.8;1.4;1.74;Enrolled
1;17;1;9070;1;1;127.0;1;1;1;3;4;130.2;1;0;0;1;1;0;19;0;0;6;6;5;11.4;0;0;6;8;1;10.0;0;10.8;1.4;1.74;Enrolled
1;43;1;9070;1;1;116.0;1;1;1;3;3;120.9;0;0;0;1;1;0;24;0;0;6;6;0;0.0;0;0;6;6;0;0.0;0;12.7;3.7;-1.7;Enrolled
4;42;1;9500;1;19;133.1;1;1;1;5;5;126.0;1;0;0;1;1;0;29;0;2;7;10;5;11.9;0;1;8;10;5;11.0;0;13.9;-0.3;0.79;Dropout
1;1;3;171;1;1;139.0;1;19;19;5;3;128.2;1;0;0;1;1;1;19;0;0;0;0;0;0.0;0;0;0;0;0;0.0;0;10.8;1.4;1.74;Graduate
1;44;1;9003;1;39;130.0;1;19;37;9;9;130.0;1;0;0;1;1;0;23;0;0;6;8;6;12.571428571428571;0;0;6;7;6;12.428571428571429;0;8.9;1.4;3.51;Graduate
1;1;3;9147;1;1;125.0;1;1;38;7;7;120.1;0;0;1;1;1;0;19;0;0;5;8;5;11.2;0;0;5;10;4;10.75;3;16.2;0.3;-0.92;Dropout
1;39;1;9254;1;1;160.0;1;19;37;7;10;100.0;0;0;0;1;1;0;26;0;0;6;7;6;12.0;0;0;6;8;5;10.8;0;12.7;3.7;-1.7;Enrolled
1;17;1;9147;1;1;148.0;1;38;37;5;5;134.0;0;0;0;1;1;0;18;0;0;5;9;0;0.0;0;0;5;5;0;0.0;0;7.6;2.6;0.32;Enrolled
1;17;1;9500;1;1;150.0;1;37;19;8;4;130.8;0;0;0;1;1;0;24;0;0;7;8;7;11.975;0;0;8;8;8;13.75;0;13.9;-0.3;0.79;Graduate
1;1;1;171;1;1;141.0;1;19;19;5;10;135.8;1;0;0;1;1;0;19;0;0;0;0;0;0.0;0;0;0;0;0;0.0;0;15.5;2.8;-4.06;Dropout
1;17;4;9254;1;1;118.0;1;38;37;5;7;111.7;1;0;0;1;1;0;18;0;0;6;12;3;11.666666666666666;0;0;6;12;1;12.0;0;12.4;0.5;1.79;Dropout
1;1;2;9773;1;1;142.0;1;38;38;9;9;132.9;1;0;0;1;1;0;18;0;0;6;8;6;12.333333333333334;0;0;6;11;3;12.333333333333334;0;10.8;1.4;1.74;Graduate
1;17;3;9147;1;1;120.0;1;19;19;4;7;115.5;1;0;1;1;1;0;18;0;0;5;8;3;10.333333333333334;0;0;5;11;3;10.857142857142858;0;10.8;1.4;1.74;Dropout
1;18;4;9254;1;1;106.0;1;19;37;7;7;106.0;1;0;0;1;1;1;21;0;0;6;8;4;10.5;0;0;6;11;1;11.0;0;9.4;-0.8;-3.12;Dropout
1;17;4;9773;1;1;121.0;1;1;19;9;8;120.3;1;0;1;1;1;1;19;0;0;6;6;6;13.666666666666666;0;0;6;6;6;13.333333333333334;0;8.9;1.4;3.51;Graduate
1;17;4;9500;1;1;150.0;1;38;37;9;9;130.8;0;0;0;1;1;1;22;0;0;7;7;7;14.842857142857142;0;0;8;9;8;15.055555555555555;0;16.2;0.3;-0.92;Graduate
2;39;1;8014;0;1;120.0;1;37;37;9;6;117.0;0;0;0;1;1;0;33;0;0;6;8;6;12.0;0;0;6;6;6;11.666666666666666;0;10.8;1.4;1.74;Graduate
1;1;6;9853;1;1;114.0;1;19;19;9;9;110.2;1;0;0;1;1;0;20;0;0;6;8;5;12.2;0;0;6;7;5;12.2;0;10.8;1.4;1.74;Dropout
1;39;1;9991;0;2;140.0;1;3;3;2;2;155.7;1;0;0;1;1;0;35;0;0;1;1;0;0.0;1;0;5;0;0;0.0;0;10.8;1.4;1.74;Dropout
1;39;1;9003;1;4;160.0;1;3;3;4;2;180.4;0;0;1;1;1;0;24;0;6;12;17;6;12.166666666666666;0;7;12;14;10;13.3;0;12.4;0.5;1.79;Dropout
1;17;1;9254;1;1;120.0;1;19;19;4;4;125.5;0;0;0;1;1;0;18;0;0;5;6;5;12.0;0;0;5;8;3;11.333333333333334;0;12.7;3.7;-1.7;Enrolled
2;39;1;8014;0;1;130.0;1;37;37;9;6;110.0;1;0;0;1;0;0;33;0;0;6;7;6;11.0;0;0;6;11;5;11.0;0;9.4;-0.8;-3.12;Graduate
1;42;1;9500;1;1;160.0;1;37;38;9;7;161.0;1;0;0;1;0;1;22;0;0;8;8;7;13.08;0;0;8;8;7;13.08;0;10.8;1.4;1.74;Graduate
1;39;1;9670;1;1;120.0;1;1;19;4;5;100.0;0;0;0;1;0;1;25;0;0;5;7;4;10.5;0;0;5;7;5;11.6;0;9.4;-0.8;-3.12;Graduate
1;17;1;9070;1;1;124.0;1;19;38;4;0;117.6;1;0;0;1;1;0;20;0;0;6;9;6;10.666666666666666;1;0;6;6;5;11.2;0;7.6;2.6;0.32;Graduate
1;1;6;9147;1;1;143.0;1;38;37;9;9;128.7;1;0;0;1;1;0;23;0;0;5;6;4;14.0;0;0;5;5;5;13.8;0;11.1;0.6;2.02;Enrolled
1;43;2;9119;1;1;115.0;1;38;19;9;6;112.2;1;0;1;1;1;0;18;0;0;5;9;2;10.0;0;0;5;9;0;0.0;0;15.5;2.8;-4.06;Enrolled
1;39;1;9500;1;1;133.1;1;1;1;4;10;100.8;0;0;0;1;1;0;24;0;0;7;18;0;0.0;0;0;7;7;0;0.0;0;13.9;-0.3;0.79;Dropout
1;17;2;9773;1;1;133.1;41;19;1;9;9;105.0;1;0;0;0;0;0;21;1;0;6;6;6;14.0;0;0;6;6;6;13.5;0;8.9;1.4;3.51;Graduate
1;15;1;9130;1;1;133.1;41;1;1;4;4;100.0;0;0;0;1;0;0;26;1;0;6;7;2;12.0;1;0;6;6;0;0.0;0;8.9;1.4;3.51;Dropout
2;39;1;9853;1;10;133.1;1;37;34;0;0;115.5;0;0;0;1;0;0;39;0;0;6;12;3;12.666666666666666;0;0;6;14;0;0.0;1;7.6;2.6;0.32;Dropout
2;39;1;8014;0;1;133.1;1;37;19;9;9;114.0;0;0;0;1;0;0;44;0;2;8;11;8;11.875;0;0;6;7;6;12.333333333333334;0;12.7;3.7;-1.7;Graduate
1;15;1;9119;1;1;130.0;26;38;3;9;2;137.0;1;0;0;1;1;0;19;1;0;5;9;5;14.0;0;0;5;11;3;13.25;0;13.9;-0.3;0.79;Enrolled
1;1;5;9773;1;1;135.0;1;37;1;5;5;124.9;1;0;0;1;0;0;18;0;0;6;6;6;13.666666666666666;0;0;6;6;6;13.333333333333334;0;8.9;1.4;3.51;Graduate
1;1;5;9500;1;1;132.0;1;37;37;7;7;120.3;1;0;0;1;0;1;18;0;0;7;7;7;13.75;0;0;8;9;8;14.47777777777778;0;12.4;0.5;1.79;Graduate
1;1;1;9085;1;1;135.0;1;1;2;9;1;134.3;1;0;0;1;0;0;19;0;0;5;7;5;14.2;2;0;5;7;5;13.8;0;12.7;3.7;-1.7;Enrolled
1;1;4;9500;1;1;115.0;1;3;3;2;2;111.5;1;0;1;0;0;0;19;0;0;7;10;4;11.96;0;0;7;7;0;0.0;0;13.9;-0.3;0.79;Dropout
1;53;1;9085;1;42;130.0;1;38;38;9;9;128.8;0;0;0;1;0;0;21;0;7;10;12;8;12.875;0;4;9;14;5;13.4;0;8.9;1.4;3.51;Dropout
1;1;4;171;1;1;133.1;1;1;1;9;10;110.0;1;0;0;1;0;0;20;0;0;0;0;0;0.0;0;0;0;0;0;0.0;0;16.2;0.3;-0.92;Graduate
2;39;1;8014;0;1;130.0;1;37;37;6;5;113.5;1;0;0;1;0;0;36;0;0;6;0;0;0.0;0;0;6;0;0;0.0;0;9.4;-0.8;-3.12;Dropout
4;39;1;9003;1;12;133.1;1;37;37;9;6;160.0;0;0;0;1;0;0;43;0;13;18;19;18;14.63157894736842;0;10;13;14;13;14.23076923076923;1;15.5;2.8;-4.06;Graduate
1;18;1;9853;1;1;123.0;1;19;19;9;7;117.4;1;0;0;1;0;0;19;0;0;6;0;0;0.0;0;0;6;0;0;0.0;0;11.1;0.6;2.02;Dropout
1;51;1;9070;1;1;130.0;1;3;1;2;8;122.2;0;0;1;1;0;0;20;0;4;10;12;10;13.0;0;5;11;11;11;12.272727272727272;0;11.1;0.6;2.02;Graduate
1;1;2;9238;1;1;122.0;1;37;38;4;7;118.2;1;0;0;1;0;0;19;0;0;6;0;0;0.0;0;0;6;0;0;0.0;0;16.2;0.3;-0.92;Dropout
1;1;1;9085;1;1;113.0;1;1;1;4;4;106.7;1;0;0;1;0;0;20;0;0;6;15;4;14.2;0;0;6;17;4;13.25;0;15.5;2.8;-4.06;Dropout
1;1;5;9500;1;1;111.0;1;3;4;4;3;108.2;1;0;0;1;0;0;20;0;2;7;9;6;13.266666666666666;0;0;7;10;5;12.3;0;12.4;0.5;1.79;Dropout
1;17;2;9853;1;1;133.1;1;19;1;9;3;107.0;1;0;0;1;0;0;20;0;0;7;12;6;11.666666666666666;0;0;7;10;3;13.0;0;16.2;0.3;-0.92;Enrolled
1;1;1;9238;1;1;142.0;1;37;37;6;7;136.1;1;0;0;1;0;0;18;0;0;6;8;6;13.857142857142858;0;0;6;6;6;15.0;0;13.9;-0.3;0.79;Graduate
1;17;2;9147;1;1;123.0;1;1;38;4;7;115.3;1;0;0;1;0;1;18;0;0;5;9;3;13.0;0;0;5;11;3;11.0;0;8.9;1.4;3.51;Enrolled
1;1;1;9085;1;1;131.0;1;19;19;9;9;139.8;1;0;0;1;0;0;19;0;0;5;6;5;13.4;0;0;5;5;5;12.8;0;10.8;1.4;1.74;Graduate
1;1;3;9773;1;1;158.0;1;1;38;4;7;157.0;1;0;0;1;0;0;18;0;0;6;6;6;12.666666666666666;0;0;6;7;6;12.571428571428571;0;10.8;1.4;1.74;Graduate
1;17;2;9500;1;1;122.0;1;37;37;9;9;131.0;1;0;0;1;0;0;18;0;0;7;7;6;12.516666666666666;1;0;7;7;6;12.516666666666666;1;7.6;2.6;0.32;Dropout
1;43;1;9500;1;1;130.0;1;38;38;9;5;100.0;0;0;0;1;0;0;20;0;0;7;11;6;11.616666666666667;0;0;7;7;7;13.0;0;13.9;-0.3;0.79;Enrolled
1;17;1;9238;1;1;154.0;1;19;37;9;7;140.4;1;0;0;1;0;1;20;0;0;6;13;2;10.0;0;0;6;12;4;10.75;0;7.6;2.6;0.32;Enrolled
1;17;1;9147;1;1;120.0;1;19;19;3;3;113.4;0;0;0;1;0;0;20;0;0;5;11;3;10.333333333333334;0;0;5;10;3;10.666666666666666;0;12.4;0.5;1.79;Enrolled
1;1;2;9085;1;1;140.0;1;37;38;9;7;137.0;0;0;0;1;0;0;18;0;0;5;12;5;13.142857142857142;2;0;5;6;5;11.4;0;9.4;-0.8;-3.12;Graduate
1;1;1;9147;1;1;127.0;1;2;19;4;5;121.8;0;0;0;1;0;0;18;0;0;5;5;5;12.6;0;0;5;5;5;14.0;0;11.1;0.6;2.02;Graduate
1;17;1;9254;1;1;133.1;1;1;1;4;5;131.0;1;0;0;1;0;0;21;0;0;6;12;3;11.0;0;0;6;12;2;11.0;0;9.4;-0.8;-3.12;Dropout
1;1;2;9147;1;1;120.0;1;19;19;9;7;118.6;1;0;0;1;0;0;19;0;0;5;8;5;10.8;0;0;5;9;4;11.25;2;16.2;0.3;-0.92;Graduate
1;1;1;171;1;1;137.0;1;3;19;2;9;122.3;0;0;0;1;0;0;19;0;0;0;0;0;0.0;0;0;0;0;0;0.0;0;10.8;1.4;1.74;Dropout
1;1;1;9670;1;1;131.0;1;38;38;9;9;127.9;0;0;0;1;0;1;19;0;0;5;5;5;12.8;0;0;5;5;5;14.2;0;9.4;-0.8;-3.12;Graduate
1;1;1;9085;1;1;130.0;1;19;38;4;7;121.3;1;0;0;1;0;0;19;0;0;6;15;6;14.166666666666666;0;0;6;13;6;12.2;0;15.5;2.8;-4.06;Graduate
1;17;6;9556;1;1;122.0;1;1;1;4;5;117.1;1;0;0;1;0;0;19;0;0;7;12;5;12.1;0;0;7;0;0;0.0;0;13.9;-0.3;0.79;Dropout
1;44;1;9085;1;39;160.0;1;37;37;9;9;160.0;1;0;0;1;0;0;20;0;1;6;7;6;14.166666666666666;0;1;6;17;5;13.77777777777778;0;12.4;0.5;1.79;Graduate
1;1;1;9853;1;1;146.0;1;19;38;9;3;145.3;1;0;0;1;0;1;18;0;0;6;8;5;12.8;0;0;6;7;5;13.4;0;9.4;-0.8;-3.12;Enrolled
1;17;3;9238;1;1;131.0;1;1;39;5;3;122.6;1;0;0;1;0;0;18;0;0;6;7;6;13.0;0;0;6;6;6;13.666666666666666;0;12.4;0.5;1.79;Graduate
1;17;6;9500;1;1;132.0;1;1;37;8;9;128.0;1;0;0;1;0;0;19;0;0;7;7;7;13.467142857142855;0;0;8;9;8;15.011111111111113;0;12.4;0.5;1.79;Graduate
1;1;3;9500;1;1;138.0;1;19;19;5;8;124.9;1;0;0;1;0;1;18;0;0;7;9;7;13.2375;0;0;8;9;7;13.742857142857144;0;13.9;-0.3;0.79;Dropout
1;17;2;9070;1;1;130.0;1;37;37;9;9;123.7;1;0;0;1;0;0;18;0;0;6;6;6;12.333333333333334;0;0;6;6;6;13.0;0;7.6;2.6;0.32;Graduate
1;1;4;9147;1;1;126.0;1;1;19;4;8;120.1;1;0;0;1;0;0;19;0;0;5;7;5;12.4;0;0;5;5;5;14.6;0;8.9;1.4;3.51;Graduate
1;17;6;9500;1;1;148.0;1;1;19;3;3;131.7;1;0;0;1;0;0;19;0;0;7;8;5;14.0;0;0;7;7;0;0.0;0;13.9;-0.3;0.79;Dropout
1;43;1;9238;1;1;130.0;1;38;37;9;7;133.2;0;0;0;1;0;0;20;0;5;9;15;9;11.666666666666666;0;2;7;8;7;11.714285714285714;0;7.6;2.6;0.32;Graduate
1;1;1;9670;1;1;117.0;1;1;38;3;9;109.3;0;0;1;0;0;1;19;0;0;6;7;5;12.0;0;0;6;9;4;12.5;0;12.4;0.5;1.79;Dropout
1;17;1;9670;1;1;120.0;1;19;19;5;5;113.0;1;0;0;1;0;0;20;0;0;5;7;4;12.2;0;0;5;5;4;11.5;0;7.6;2.6;0.32;Graduate
1;1;1;9773;1;1;153.0;1;1;1;141;175;157.9;0;0;1;1;0;1;18;0;0;6;6;6;14.833333333333334;0;0;6;6;6;14.833333333333334;0;8.9;1.4;3.51;Graduate
1;1;2;9500;1;1;117.0;1;19;1;4;7;112.1;0;0;0;1;0;1;20;0;0;7;9;5;13.188;0;0;8;9;7;12.892857142857142;0;11.1;0.6;2.02;Enrolled
1;18;1;9500;1;1;178.0;1;19;1;4;8;174.7;0;0;0;1;0;0;18;0;0;7;8;7;17.125;0;0;8;8;8;17.5875;0;13.9;-0.3;0.79;Graduate
1;1;5;9500;1;1;129.0;1;37;37;9;9;128.8;1;0;0;1;0;0;19;0;0;7;7;6;12.666666666666666;0;0;7;7;6;12.666666666666666;0;7.6;2.6;0.32;Graduate
1;1;6;9773;1;1;116.0;1;19;1;4;4;110.1;1;0;0;1;0;1;19;0;0;6;8;6;12.666666666666666;0;0;6;10;5;12.0;0;12.4;0.5;1.79;Graduate
1;51;1;9147;1;1;99.0;1;3;1;3;3;99.7;1;0;1;0;0;0;22;0;0;5;8;0;0.0;0;0;5;7;0;0.0;0;8.9;1.4;3.51;Enrolled
1;1;3;9238;1;1;135.0;1;1;12;9;10;121.0;1;0;0;1;0;1;19;0;0;6;7;6;11.333333333333334;0;0;6;6;6;11.5;0;12.4;0.5;1.79;Graduate
1;1;3;9500;1;1;141.0;1;19;19;9;7;131.7;1;0;0;1;0;1;19;0;0;7;10;7;13.605;0;0;8;11;8;12.33125;0;15.5;2.8;-4.06;Graduate
1;17;5;9853;1;1;132.0;1;37;38;5;6;119.1;1;0;0;1;0;1;19;0;0;6;10;5;12.0;0;0;6;9;5;10.8;0;9.4;-0.8;-3.12;Graduate
1;1;4;9254;1;1;132.0;1;12;19;9;9;124.7;1;0;0;1;0;0;19;0;0;5;10;0;0.0;0;0;5;10;0;0.0;0;7.6;2.6;0.32;Dropout
1;17;1;9254;1;1;113.0;1;1;37;9;10;117.2;1;0;0;1;0;0;20;0;0;6;8;5;11.2;0;0;6;12;3;11.666666666666666;0;7.6;2.6;0.32;Dropout
1;1;1;9147;1;1;134.0;1;3;19;2;10;128.8;0;0;0;1;0;0;18;0;0;5;10;5;13.375;0;0;5;9;5;14.166666666666666;0;13.9;-0.3;0.79;Graduate
1;1;1;9500;1;1;136.0;1;1;19;9;9;131.5;0;0;0;1;0;1;20;0;0;7;8;6;13.863333333333337;0;0;8;9;7;14.178571428571429;0;11.1;0.6;2.02;Graduate
1;1;1;171;1;1;136.0;1;3;37;2;8;121.7;1;0;0;1;0;0;18;0;0;0;0;0;0.0;0;0;0;0;0;0.0;0;9.4;-0.8;-3.12;Enrolled
1;1;1;9085;1;1;129.0;1;1;38;4;7;123.4;0;0;0;1;0;0;19;0;0;5;6;5;12.4;0;0;5;6;5;13.4;0;7.6;2.6;0.32;Graduate
1;17;1;9853;1;1;138.0;1;38;38;7;6;124.7;1;0;0;1;0;0;18;0;0;6;11;3;12.333333333333334;0;0;6;10;5;10.833333333333334;0;9.4;-0.8;-3.12;Enrolled
1;1;1;9853;1;1;137.0;1;37;37;9;9;132.8;1;0;0;1;0;0;18;0;0;6;7;6;13.333333333333334;0;0;6;8;5;11.8;0;7.6;2.6;0.32;Graduate
1;43;1;9853;1;1;115.0;1;3;37;2;5;108.7;1;0;0;1;0;0;21;0;0;6;10;3;12.666666666666666;0;0;6;12;3;10.0;0;9.4;-0.8;-3.12;Dropout
1;1;1;9853;1;1;129.0;1;38;37;6;6;138.1;0;0;0;1;0;0;19;0;0;6;8;6;12.0;0;0;6;10;4;11.5;0;7.6;2.6;0.32;Dropout
1;1;1;9147;1;1;131.0;1;38;38;9;9;126.5;0;0;0;1;0;1;18;0;0;5;5;5;10.6;0;0;5;5;5;11.8;0;12.4;0.5;1.79;Graduate
1;17;2;9238;1;1;133.0;1;1;37;7;9;127.4;1;0;0;1;0;1;18;0;0;6;8;6;12.25;0;0;6;7;6;11.857142857142858;0;12.7;3.7;-1.7;Graduate
1;1;3;9238;1;1;125.0;1;19;1;9;10;123.6;1;0;0;1;0;0;20;0;0;6;10;4;11.0;0;0;6;9;6;11.833333333333334;0;9.4;-0.8;-3.12;Graduate
1;39;1;8014;0;1;120.0;1;1;19;6;8;122.0;0;0;0;1;0;1;24;0;0;6;11;5;11.0;0;0;6;9;5;12.6;0;11.1;0.6;2.02;Graduate
1;1;1;9670;1;1;128.0;1;19;1;4;1;118.2;0;0;0;1;0;0;19;0;0;6;6;6;13.166666666666666;0;0;6;9;6;13.0;0;10.8;1.4;1.74;Dropout
1;1;1;9500;1;1;127.0;1;19;37;9;7;123.9;1;0;0;1;0;1;18;0;0;7;9;7;12.855555555555554;0;0;8;12;7;12.761111111111113;0;15.5;2.8;-4.06;Graduate
1;1;2;9500;1;1;134.0;1;19;19;9;9;125.8;1;0;0;1;0;0;18;0;0;7;8;7;14.91875;0;0;8;8;8;15.355;0;15.5;2.8;-4.06;Graduate
1;17;5;9853;1;1;132.0;1;12;12;4;4;123.3;1;0;0;1;0;0;21;0;0;6;13;4;11.5;0;0;6;10;3;11.0;0;10.8;1.4;1.74;Dropout
1;17;2;9670;1;1;124.0;1;1;19;5;4;124.4;0;0;0;1;0;0;19;0;0;5;5;5;14.2;0;0;5;5;5;14.2;0;7.6;2.6;0.32;Graduate
1;17;1;9773;1;1;133.1;1;19;37;7;7;126.0;0;0;0;1;0;1;19;0;0;6;6;6;12.5;0;0;6;7;6;13.0;0;15.5;2.8;-4.06;Graduate
3;39;1;9003;1;1;170.0;1;1;37;6;6;170.0;0;0;1;1;0;0;47;0;0;1;1;0;0.0;0;0;6;0;0;0.0;0;8.9;1.4;3.51;Enrolled
1;17;3;9238;1;1;125.0;1;19;19;7;8;121.5;0;0;0;1;0;0;19;0;0;6;10;5;11.666666666666666;0;0;6;12;4;11.0;0;13.9;-0.3;0.79;Graduate
1;39;1;9500;1;3;130.0;1;2;2;1;1;130.0;0;0;0;1;0;0;29;0;1;8;8;7;14.257142857142856;0;1;8;8;7;14.257142857142856;0;12.7;3.7;-1.7;Graduate
1;43;1;9238;1;1;125.0;1;19;19;4;8;117.0;1;0;0;1;0;0;21;0;0;6;13;3;12.0;0;0;6;12;2;11.333333333333334;0;16.2;0.3;-0.92;Dropout
1;39;1;9085;1;1;130.0;1;37;19;9;7;130.0;1;0;0;1;0;0;28;0;0;5;13;4;11.25;1;0;5;11;4;10.5;0;12.7;3.7;-1.7;Enrolled
1;17;2;9556;1;1;133.1;1;37;37;3;10;108.0;0;0;0;1;0;0;20;0;0;7;8;7;12.457142857142856;0;0;8;8;8;13.5625;0;15.5;2.8;-4.06;Graduate
1;17;1;9500;1;1;131.0;1;2;38;4;5;132.3;1;0;0;1;0;0;19;0;0;7;7;6;11.683333333333332;0;0;7;7;6;11.683333333333332;0;7.6;2.6;0.32;Graduate
1;42;1;8014;0;1;150.0;1;19;2;4;6;148.0;0;0;0;1;0;0;26;0;0;6;10;3;11.666666666666666;0;0;6;8;5;12.0;0;9.4;-0.8;-3.12;Graduate
1;17;2;9254;1;1;125.0;1;37;37;9;8;122.6;1;0;1;0;0;0;20;0;0;6;8;4;11.75;0;0;6;6;6;13.166666666666666;0;11.1;0.6;2.02;Dropout
1;1;1;9670;1;1;131.0;1;37;37;9;9;123.0;1;0;0;1;0;1;18;0;0;5;6;3;11.666666666666666;0;0;5;6;4;13.5;0;7.6;2.6;0.32;Enrolled
1;39;1;9853;1;1;130.0;1;37;19;9;5;102.5;0;0;0;1;0;0;27;0;0;6;9;5;13.2;0;0;6;10;5;12.0;0;7.6;2.6;0.32;Graduate
1;1;2;9500;1;1;123.0;1;34;34;90;90;113.3;1;0;0;1;0;0;20;0;0;7;8;4;11.95;0;0;7;8;4;11.95;0;7.6;2.6;0.32;Dropout
1;1;5;9853;1;1;141.0;1;37;19;9;5;133.0;1;0;0;1;0;0;18;0;0;6;8;5;12.4;0;0;6;12;5;10.4;0;9.4;-0.8;-3.12;Dropout
1;7;1;9500;1;3;140.0;1;1;1;9;5;140.0;0;0;0;1;0;0;33;0;2;7;8;6;14.35;0;3;8;10;6;14.583333333333334;0;16.2;0.3;-0.92;Dropout
1;43;1;9853;1;1;140.0;1;3;1;3;3;128.3;1;0;0;1;0;0;35;0;19;21;21;21;12.61904761904762;0;13;19;19;19;12.789473684210526;0;12.4;0.5;1.79;Graduate
1;44;1;9991;0;39;140.0;1;37;19;9;8;140.0;0;0;0;1;0;1;26;0;2;6;7;6;12.666666666666666;0;2;6;7;6;13.166666666666666;1;9.4;-0.8;-3.12;Enrolled
1;39;1;9773;1;19;133.1;1;19;19;3;4;104.0;0;0;1;0;0;0;27;0;0;6;6;5;12.0;0;0;6;6;0;0.0;0;11.1;0.6;2.02;Dropout
1;18;3;9070;1;1;131.0;1;1;37;5;5;122.3;1;0;0;0;0;0;19;0;0;6;6;6;12.166666666666666;0;0;6;6;0;0.0;0;15.5;2.8;-4.06;Dropout
1;17;2;9254;1;1;143.0;1;1;19;4;6;135.0;0;0;0;1;0;0;20;0;0;6;0;0;0.0;0;0;6;0;0;0.0;0;11.1;0.6;2.02;Dropout
1;18;2;9147;1;1;132.0;1;3;3;5;7;119.1;1;0;1;0;0;0;20;0;0;5;9;3;10.0;0;0;5;9;3;10.571428571428571;0;10.8;1.4;1.74;Dropout
1;43;1;9238;1;1;143.0;1;1;37;5;9;126.6;0;0;1;0;0;0;21;0;5;10;18;8;11.5;0;0;6;12;4;10.0;0;9.4;-0.8;-3.12;Enrolled
1;17;3;9500;1;1;141.0;1;38;1;9;4;129.0;1;0;0;1;0;1;18;0;0;7;7;6;13.05;0;0;7;7;6;13.05;0;7.6;2.6;0.32;Graduate
1;39;1;9085;1;1;133.1;1;1;19;9;9;162.3;1;0;0;1;0;0;24;0;0;6;10;2;11.0;0;0;6;6;0;0.0;0;8.9;1.4;3.51;Dropout
1;17;4;9070;1;1;148.0;1;1;3;4;1;163.4;1;0;0;1;0;0;20;0;0;6;7;6;11.5;0;0;6;6;6;12.0;0;16.2;0.3;-0.92;Graduate
1;1;1;9254;1;1;125.0;1;19;38;9;8;121.5;0;0;0;1;0;1;21;0;0;6;7;6;12.0;0;0;6;6;6;12.5;0;13.9;-0.3;0.79;Graduate
1;1;1;8014;0;1;120.0;1;1;37;7;3;122.8;0;0;0;1;0;0;23;0;0;6;13;2;10.0;0;0;5;12;1;10.0;0;9.4;-0.8;-3.12;Enrolled
1;39;1;9147;1;1;140.0;1;12;3;4;3;118.0;1;0;0;1;0;0;24;0;0;5;5;0;0.0;0;0;5;5;0;0.0;0;7.6;2.6;0.32;Dropout
1;51;1;9853;1;1;139.0;1;1;1;4;10;134.0;0;0;0;1;0;0;21;0;0;6;0;0;0.0;0;0;6;0;0;0.0;0;12.4;0.5;1.79;Dropout
1;1;4;9500;1;1;142.0;1;38;38;9;8;129.8;1;0;0;1;0;0;18;0;0;8;8;7;12.242857142857144;0;0;8;8;7;12.242857142857144;0;12.7;3.7;-1.7;Graduate
1;39;1;9991;0;40;130.0;1;19;1;3;4;152.0;1;0;0;1;0;0;27;0;0;5;0;0;0.0;0;0;5;0;0;0.0;0;8.9;1.4;3.51;Dropout
1;18;6;9500;1;1;126.0;1;37;37;5;5;122.8;1;0;0;1;0;0;18;0;0;8;8;8;12.93375;0;0;8;8;8;12.93375;0;9.4;-0.8;-3.12;Graduate
1;7;1;9119;1;3;150.0;1;3;2;2;2;150.0;0;0;0;1;0;0;35;0;0;5;0;0;0.0;0;0;5;0;0;0.0;0;13.9;-0.3;0.79;Dropout
1;1;1;9853;1;1;130.0;1;19;19;3;8;131.8;0;0;0;1;0;0;18;0;0;7;9;7;12.571428571428571;0;0;7;8;7;14.428571428571429;0;11.1;0.6;2.02;Graduate
1;39;1;9500;1;1;120.0;1;1;3;175;121;105.9;0;0;0;1;0;0;35;0;0;3;4;3;11.816666666666668;0;0;3;3;3;11.333333333333334;0;11.1;0.6;2.02;Enrolled
1;1;1;9085;1;1;138.0;1;1;1;4;7;132.1;1;0;0;1;0;0;19;0;0;5;9;4;13.75;0;0;5;13;4;14.333333333333334;2;10.8;1.4;1.74;Graduate
1;1;4;9238;1;1;127.0;1;19;19;4;0;127.4;1;0;0;1;0;0;20;0;0;6;8;6;11.166666666666666;0;0;6;6;6;11.333333333333334;0;7.6;2.6;0.32;Graduate
1;1;4;9500;1;1;140.0;1;19;19;7;7;129.5;1;0;0;1;0;0;18;0;0;8;8;7;12.324285714285711;0;0;8;8;7;12.324285714285711;0;10.8;1.4;1.74;Graduate
1;44;1;9238;1;39;130.0;1;38;38;5;10;126.7;0;0;1;1;0;0;21;0;3;6;6;6;12.166666666666666;0;2;6;7;6;11.714285714285714;0;13.9;-0.3;0.79;Graduate
1;17;2;9238;1;1;128.0;1;19;37;9;8;116.5;0;0;0;1;0;1;18;0;0;6;11;5;11.142857142857142;0;0;6;11;4;11.25;0;16.2;0.3;-0.92;Graduate
1;1;1;9238;1;1;132.0;1;34;34;0;0;119.1;1;0;0;1;0;0;18;0;0;6;9;4;11.0;0;0;6;9;4;10.75;0;7.6;2.6;0.32;Graduate
1;1;2;9500;1;1;149.0;1;19;38;9;9;126.5;1;0;0;1;0;0;18;0;0;8;8;7;12.914285714285713;0;0;8;8;7;12.914285714285713;0;12.7;3.7;-1.7;Graduate
1;1;4;9773;1;1;155.0;1;3;19;1;4;149.8;1;0;0;1;0;1;18;0;0;6;6;6;13.833333333333334;0;0;6;6;6;14.166666666666666;0;16.2;0.3;-0.92;Graduate
1;1;1;9085;1;1;120.0;1;19;1;8;7;115.1;1;0;0;1;0;0;19;0;0;6;8;6;13.857142857142858;0;0;6;9;5;13.4;0;13.9;-0.3;0.79;Graduate
1;39;1;9254;1;19;133.1;1;3;19;2;3;124.5;0;0;0;1;0;1;36;0;0;6;7;6;13.714285714285714;0;0;6;6;5;12.8;0;16.2;0.3;-0.92;Dropout
1;1;2;9500;1;1;131.0;1;38;1;7;4;128.3;1;0;0;1;0;1;18;0;0;8;8;7;12.642857142857142;0;0;8;8;7;12.642857142857142;0;12.7;3.7;-1.7;Graduate
1;1;1;9500;1;1;149.0;1;37;37;9;9;136.0;0;0;0;1;0;1;18;0;0;7;7;6;12.916666666666666;0;0;7;7;6;12.916666666666666;0;7.6;2.6;0.32;Graduate
1;43;1;9130;1;1;140.0;1;1;3;9;2;140.0;1;0;0;1;0;1;20;0;0;6;8;6;15.625;0;0;6;8;6;15.857142857142858;0;13.9;-0.3;0.79;Graduate
1;39;1;9991;0;1;133.1;1;37;37;9;9;126.3;0;0;0;1;0;1;26;0;0;5;7;0;0.0;0;0;5;8;0;0.0;0;16.2;0.3;-0.92;Dropout
1;43;1;9773;1;1;122.0;1;1;1;4;5;126.9;0;0;0;1;0;0;21;0;0;6;8;6;11.714285714285714;0;0;6;7;6;12.0;0;7.6;2.6;0.32;Graduate
1;39;1;9556;1;40;130.0;1;1;1;4;5;145.0;0;0;0;1;0;0;25;0;0;7;10;6;12.125;0;0;8;9;8;13.3125;0;15.5;2.8;-4.06;Enrolled
1;18;1;9147;1;1;121.0;1;19;3;5;5;115.8;1;0;0;1;0;1;19;0;0;5;7;5;11.6;0;0;5;5;5;11.6;0;12.4;0.5;1.79;Graduate
1;39;1;8014;0;1;120.0;1;19;37;8;7;100.0;1;0;0;1;0;0;24;0;0;6;11;1;10.0;0;0;6;6;0;0.0;6;9.4;-0.8;-3.12;Dropout
1;39;1;8014;0;1;133.1;1;1;19;5;4;102.5;0;0;0;1;0;1;27;0;0;6;16;1;10.0;0;0;6;13;0;0.0;0;8.9;1.4;3.51;Dropout
1;17;1;9085;1;1;121.0;1;19;37;1;3;131.5;0;0;0;1;0;0;21;0;0;5;10;0;0.0;1;0;5;9;2;13.5;0;7.6;2.6;0.32;Dropout
1;1;1;9147;1;1;133.0;1;38;38;7;7;147.0;0;0;0;1;0;1;18;0;0;5;7;4;13.0;0;0;5;8;3;12.333333333333334;0;9.4;-0.8;-3.12;Graduate
2;1;4;9853;1;1;134.0;1;37;37;5;7;122.5;0;1;0;1;0;1;19;0;0;6;6;6;13.333333333333334;0;0;6;6;6;14.5;0;10.8;1.4;1.74;Graduate
1;1;3;9254;1;1;115.0;1;1;1;3;3;117.5;1;0;0;1;0;0;18;0;0;6;9;4;11.25;0;0;6;13;2;12.5;0;9.4;-0.8;-3.12;Dropout
1;51;1;9500;1;1;127.0;1;19;1;5;9;150.0;0;0;0;1;0;1;19;0;0;7;9;5;13.85;0;0;8;9;7;12.19285714285714;0;11.1;0.6;2.02;Graduate
1;18;1;9500;1;1;135.0;1;1;38;4;5;127.5;1;0;0;1;0;1;19;0;0;7;8;6;13.741666666666667;0;0;8;9;7;14.9125;0;16.2;0.3;-0.92;Graduate
2;7;1;9991;0;43;140.0;1;40;5;3;3;140.0;0;0;0;1;0;0;33;0;2;6;7;6;15.333333333333334;0;0;5;5;5;15.8;0;11.1;0.6;2.02;Graduate
2;7;1;9147;1;3;130.0;1;1;4;3;10;130.0;0;0;0;1;0;0;45;0;0;5;6;5;11.0;0;0;5;5;5;13.8;0;12.4;0.5;1.79;Graduate
1;1;1;9238;1;1;135.0;1;1;1;9;9;133.3;0;0;0;1;0;1;20;0;0;6;6;6;12.0;0;0;6;7;6;12.857142857142858;0;11.1;0.6;2.02;Graduate
1;39;2;9670;1;1;140.0;1;34;34;0;0;97.0;1;0;0;1;0;0;28;0;0;5;5;0;0.0;0;0;5;5;0;0.0;0;7.6;2.6;0.32;Dropout
1;43;1;9500;1;1;120.0;1;1;1;5;8;112.0;1;0;0;1;0;1;19;0;0;8;15;7;11.571428571428571;0;0;8;15;7;11.571428571428571;0;12.7;3.7;-1.7;Graduate
1;1;2;9254;1;1;140.0;1;1;37;4;5;123.6;1;0;0;1;0;0;18;0;0;6;10;6;12.857142857142858;0;0;6;6;3;12.666666666666666;0;12.7;3.7;-1.7;Graduate
1;39;1;9254;1;3;133.1;1;19;19;4;6;130.5;0;0;0;1;0;0;38;0;0;6;0;0;0.0;0;0;6;0;0;0.0;0;15.5;2.8;-4.06;Dropout
1;1;2;9670;1;1;135.0;1;1;3;4;3;133.3;0;0;0;1;0;0;19;0;0;5;5;5;13.0;0;0;5;5;5;13.2;0;9.4;-0.8;-3.12;Graduate
1;1;1;9254;1;1;123.0;1;1;37;9;9;132.1;0;0;0;1;0;1;21;0;0;6;9;5;11.0;0;0;6;8;5;12.0;0;15.5;2.8;-4.06;Graduate
1;1;1;9147;1;1;133.1;1;37;1;9;10;100.0;0;0;0;1;0;0;21;0;0;5;12;3;12.0;0;0;5;12;1;15.0;3;16.2;0.3;-0.92;Dropout
1;1;1;9238;1;1;154.0;1;38;37;9;9;140.4;0;0;0;1;0;1;22;0;0;6;6;5;12.6;0;0;6;6;6;13.0;0;10.8;1.4;1.74;Graduate
1;1;1;9853;1;1;148.0;1;19;19;5;7;141.7;0;0;0;1;0;1;18;0;0;6;8;5;13.4;0;0;6;7;6;13.166666666666666;0;9.4;-0.8;-3.12;Graduate
1;17;2;9238;1;1;133.0;1;37;37;3;9;119.7;0;1;0;1;0;1;18;0;0;6;9;6;11.333333333333334;0;0;6;9;6;11.571428571428571;0;15.5;2.8;-4.06;Graduate
1;1;1;9130;1;1;126.0;1;19;1;9;9;122.5;1;0;0;0;0;0;25;0;0;5;14;4;13.5;2;0;5;10;4;14.25;0;9.4;-0.8;-3.12;Dropout
1;39;1;9085;1;19;133.1;1;19;19;9;7;140.0;0;0;1;0;0;0;24;0;2;6;11;3;11.75;0;1;6;14;3;10.333333333333334;0;16.2;0.3;-0.92;Dropout
1;1;3;9500;1;1;125.0;1;3;1;4;4;119.4;1;0;0;1;0;0;19;0;0;7;10;6;12.471428571428572;0;0;7;8;7;11.4625;0;12.4;0.5;1.79;Enrolled
1;16;1;171;1;1;145.0;1;3;3;3;3;155.0;1;0;0;1;0;0;24;0;11;17;19;11;12.909090909090908;0;9;13;15;9;13.555555555555555;0;12.4;0.5;1.79;Enrolled
1;1;2;9147;1;1;118.0;1;37;19;5;5;119.1;1;0;0;1;0;1;20;0;0;5;5;5;11.6;0;0;5;5;5;13.6;0;12.4;0.5;1.79;Graduate
1;39;1;9147;1;1;120.0;1;37;1;9;1;122.7;0;0;0;0;0;0;25;0;0;5;5;0;0.0;0;0;5;9;0;0.0;0;10.8;1.4;1.74;Dropout
1;1;1;9147;1;1;127.0;1;38;19;9;10;117.9;0;0;0;1;0;1;20;0;5;10;13;9;12.9;0;4;10;12;10;12.363636363636363;0;8.9;1.4;3.51;Graduate
1;7;1;9500;1;3;130.0;1;19;38;5;3;130.0;0;0;0;1;0;0;23;0;0;8;8;8;13.22;0;0;8;8;8;13.22;0;9.4;-0.8;-3.12;Graduate
1;17;3;9500;1;1;129.0;1;19;37;7;6;120.0;1;0;0;1;0;1;19;0;0;8;8;7;13.151428571428571;0;0;8;8;7;13.151428571428571;0;10.8;1.4;1.74;Graduate
1;44;1;9003;1;39;130.0;1;37;37;9;10;130.0;0;0;1;0;0;0;29;0;0;6;13;3;12.75;0;0;6;8;3;11.333333333333334;0;13.9;-0.3;0.79;Dropout
1;1;3;9254;1;1;121.0;1;19;37;4;7;116.8;1;0;0;1;0;0;21;0;0;6;8;6;11.333333333333334;0;0;6;8;4;12.25;0;11.1;0.6;2.02;Graduate
1;1;1;9670;1;1;136.0;1;19;1;9;8;123.4;1;0;0;1;0;1;18;0;0;6;10;6;13.25;0;0;6;13;5;14.142857142857142;0;11.1;0.6;2.02;Graduate
1;1;3;9070;1;1;125.0;1;19;38;9;9;125.4;1;0;0;1;0;0;19;0;0;6;7;5;12.4;0;0;6;6;5;12.4;0;9.4;-0.8;-3.12;Enrolled
1;1;3;9773;1;1;131.0;1;38;37;7;7;127.2;1;0;0;1;0;1;18;0;0;6;6;6;15.0;0;0;6;6;6;12.833333333333334;0;8.9;1.4;3.51;Dropout
1;1;1;9085;1;1;122.0;1;9;19;90;6;103.4;0;0;0;1;0;0;19;0;0;5;6;5;14.4;0;0;5;6;5;13.0;0;7.6;2.6;0.32;Graduate
1;1;1;9773;1;1;127.0;1;37;37;9;8;123.2;1;0;0;1;0;0;18;0;0;6;12;1;11.0;0;0;6;12;0;0.0;0;9.4;-0.8;-3.12;Enrolled
1;17;1;9147;1;1;136.0;1;1;1;4;4;124.1;0;0;0;1;0;0;18;0;0;5;8;5;12.4;0;0;5;6;5;10.8;0;8.9;1.4;3.51;Graduate
2;39;1;9556;1;19;133.1;1;38;37;7;7;99.5;1;0;1;0;0;1;37;0;0;7;13;1;16.0;0;0;7;12;0;0.0;0;8.9;1.4;3.51;Dropout
1;17;1;9991;0;40;127.0;1;37;37;6;6;124.9;0;0;0;1;0;0;29;0;0;5;10;5;13.571428571428571;0;0;5;14;5;12.333333333333334;3;16.2;0.3;-0.92;Graduate
1;17;3;9070;1;1;116.0;1;37;37;9;9;110.8;0;0;0;1;0;0;18;0;0;6;6;6;11.833333333333334;0;0;6;6;6;12.5;0;7.6;2.6;0.32;Enrolled
1;1;1;9238;1;1;121.0;1;1;1;9;8;118.9;1;0;0;1;0;1;19;0;0;6;8;5;11.666666666666666;0;0;6;9;5;12.666666666666666;0;12.4;0.5;1.79;Graduate
1;43;1;9238;1;1;124.0;1;1;1;3;1;118.8;1;0;1;0;0;0;22;0;6;10;16;6;11.833333333333334;0;2;7;8;2;13.0;0;16.2;0.3;-0.92;Dropout
1;1;1;9254;1;1;131.0;1;37;38;9;7;137.0;0;0;0;1;0;1;20;0;0;6;8;6;11.166666666666666;0;0;6;10;5;10.6;0;15.5;2.8;-4.06;Graduate
1;39;1;8014;0;1;100.0;1;37;37;99;99;100.0;0;0;0;1;0;0;34;0;0;6;0;0;0.0;0;0;6;0;0;0.0;0;12.7;3.7;-1.7;Dropout
1;43;1;9119;1;1;130.0;1;37;38;9;9;120.0;0;0;1;0;0;0;30;0;8;12;17;8;11.75;0;6;12;19;6;12.166666666666666;2;7.6;2.6;0.32;Dropout
1;1;1;9238;1;1;135.0;1;1;1;4;4;122.8;0;0;0;1;0;0;18;0;0;6;7;6;14.0;0;0;6;7;6;14.0;0;10.8;1.4;1.74;Graduate
1;1;1;9238;1;1;130.0;1;38;19;9;5;121.6;0;0;0;1;0;0;18;0;0;6;6;6;12.833333333333334;0;0;6;6;6;12.0;0;12.4;0.5;1.79;Graduate
1;1;2;9773;1;1;146.0;1;3;1;1;3;149.2;1;0;0;1;0;0;18;0;0;6;11;4;12.25;0;0;6;10;3;11.666666666666666;0;9.4;-0.8;-3.12;Graduate
1;17;4;9500;1;1;146.0;1;4;1;2;3;140.0;1;0;0;1;0;0;18;0;0;8;8;7;14.828571428571427;0;0;8;8;7;14.828571428571427;0;12.7;3.7;-1.7;Graduate
1;1;2;9773;1;1;154.0;1;38;38;9;9;133.4;1;0;0;1;0;1;19;0;0;6;7;5;11.4;0;0;6;8;5;12.8;0;12.7;3.7;-1.7;Graduate
1;1;1;9070;1;1;137.0;1;37;37;9;9;126.2;1;0;0;1;0;1;19;0;0;6;6;6;13.0;0;0;6;8;6;12.5;0;10.8;1.4;1.74;Graduate
1;1;5;9500;1;1;151.0;1;1;1;9;9;127.8;0;0;0;1;0;1;18;0;0;8;8;7;13.671428571428573;0;0;8;8;7;13.671428571428573;0;12.7;3.7;-1.7;Graduate
1;44;1;9003;1;39;150.0;1;37;38;4;8;150.0;0;0;0;1;0;1;21;0;0;6;9;6;12.666666666666666;0;0;6;8;5;12.8;0;13.9;-0.3;0.79;Graduate
1;1;2;9147;1;1;121.0;1;1;19;9;9;113.7;1;0;0;0;0;0;20;0;0;5;10;2;10.0;0;0;5;12;1;13.0;0;7.6;2.6;0.32;Dropout
1;17;1;9147;1;1;122.0;1;12;19;4;8;117.8;1;0;0;1;0;0;20;0;0;5;10;5;13.5;0;0;5;8;5;12.333333333333334;0;13.9;-0.3;0.79;Graduate
1;1;1;9500;1;1;143.0;1;5;1;2;5;136.7;0;0;0;1;0;0;19;0;2;7;8;7;12.67;0;1;8;8;8;13.55;0;11.1;0.6;2.02;Graduate
1;1;1;9238;1;1;152.0;1;1;38;4;5;144.7;0;0;0;1;0;0;20;0;0;6;8;6;14.5;0;0;6;7;6;15.428571428571429;0;16.2;0.3;-0.92;Graduate
1;17;3;9500;1;1;145.0;1;12;1;4;10;139.8;1;0;0;1;0;0;18;0;0;7;7;7;13.685714285714283;0;0;8;8;8;15.3875;0;13.9;-0.3;0.79;Graduate
1;42;1;9853;1;1;120.0;1;37;38;3;3;113.7;0;0;0;1;0;0;20;0;0;6;8;5;11.0;0;0;6;10;3;10.666666666666666;0;12.7;3.7;-1.7;Dropout
2;7;1;9130;1;3;140.0;1;5;4;2;0;140.0;0;0;1;0;0;0;29;0;7;9;16;7;11.555555555555555;4;5;7;12;5;13.2;2;7.6;2.6;0.32;Dropout
1;1;1;9500;1;1;143.0;1;19;19;5;6;142.3;0;0;0;1;0;1;18;0;0;7;7;7;13.79714285714286;0;0;8;8;8;13.775;0;12.4;0.5;1.79;Enrolled
1;1;1;9500;1;1;129.0;1;19;19;5;5;119.6;1;0;0;1;0;1;20;0;0;7;8;7;14.00375;0;0;8;11;7;13.812857142857142;0;15.5;2.8;-4.06;Graduate
1;16;2;9147;1;1;139.0;1;38;37;9;9;123.7;1;0;0;1;0;1;22;0;0;5;8;4;12.0;0;0;5;8;4;11.4;2;16.2;0.3;-0.92;Graduate
4;1;1;8014;0;1;133.1;1;39;19;4;10;143.0;1;0;0;1;0;1;47;0;0;6;9;5;14.166666666666666;0;0;6;7;6;14.166666666666666;0;16.2;0.3;-0.92;Graduate
2;51;1;9991;0;1;127.0;1;37;37;8;4;100.1;0;0;0;1;0;0;31;0;1;5;5;5;14.0;0;0;5;5;5;13.8;0;8.9;1.4;3.51;Graduate
1;1;1;9070;1;1;126.0;1;19;37;7;5;119.4;0;0;0;1;0;1;21;0;0;6;7;5;13.8;0;0;6;6;6;12.833333333333334;0;16.2;0.3;-0.92;Graduate
1;1;1;8014;0;1;128.0;1;38;38;0;0;122.1;0;0;0;1;0;0;21;0;0;6;8;5;12.8;0;0;6;10;6;11.857142857142858;0;7.6;2.6;0.32;Graduate
2;39;1;9773;1;12;100.0;1;1;1;4;4;100.0;0;0;0;1;0;0;24;0;0;6;6;6;12.166666666666666;0;0;6;6;6;13.833333333333334;0;7.6;2.6;0.32;Graduate
1;17;1;9070;1;1;123.0;1;4;37;2;9;113.9;0;0;0;1;0;0;18;0;0;6;8;6;12.5;0;0;6;6;6;12.333333333333334;0;15.5;2.8;-4.06;Enrolled
1;39;1;8014;0;15;170.0;1;34;1;90;2;101.0;0;0;0;1;0;0;32;0;0;6;9;4;12.0;0;0;6;12;4;11.5;0;7.6;2.6;0.32;Graduate
1;18;2;8014;0;1;117.0;1;3;1;3;4;111.8;1;0;0;1;0;1;19;0;0;6;8;6;10.833333333333334;0;0;6;9;6;11.5;0;10.8;1.4;1.74;Graduate
1;39;1;9500;1;1;140.0;1;3;3;1;1;140.0;1;0;0;1;0;0;24;0;0;8;8;8;13.385;0;0;8;8;8;13.385;0;9.4;-0.8;-3.12;Graduate
1;17;4;9085;1;1;123.0;1;19;19;4;10;124.4;1;0;0;1;0;0;19;0;0;6;14;6;15.666666666666666;0;0;6;9;6;14.5;0;15.5;2.8;-4.06;Graduate
1;44;1;9003;1;39;150.0;1;19;37;6;6;150.0;0;0;1;1;0;1;19;0;0;6;9;6;14.333333333333334;0;0;6;7;6;13.833333333333334;0;13.9;-0.3;0.79;Graduate
1;44;1;9003;1;39;140.0;1;37;37;9;4;140.0;0;0;0;1;0;0;24;0;0;6;10;6;11.428571428571429;0;0;6;12;5;13.0;0;12.4;0.5;1.79;Enrolled
1;17;4;9238;1;1;123.0;1;19;19;191;144;116.0;1;0;0;1;0;1;18;0;0;6;9;6;11.666666666666666;0;0;6;8;6;11.666666666666666;0;8.9;1.4;3.51;Graduate
1;1;1;9070;1;1;130.0;1;38;37;3;6;135.6;1;0;0;1;0;1;19;0;0;6;9;5;12.0;0;0;6;10;2;11.333333333333334;0;8.9;1.4;3.51;Dropout
2;1;1;9500;1;1;137.0;1;3;38;2;4;121.0;0;0;0;1;0;1;19;0;0;8;8;7;14.725714285714288;0;0;8;8;7;14.725714285714288;0;10.8;1.4;1.74;Graduate
1;17;2;9773;1;1;126.0;1;19;38;9;8;118.7;1;0;0;1;0;1;18;0;0;6;6;6;14.166666666666666;0;0;6;6;6;13.666666666666666;0;12.4;0.5;1.79;Graduate
1;1;1;9238;1;1;125.0;1;1;1;3;3;125.7;1;0;0;1;0;0;18;0;0;6;10;6;11.571428571428571;0;0;6;8;6;12.333333333333334;0;12.4;0.5;1.79;Graduate
1;17;4;9556;1;1;112.0;1;1;1;4;10;107.1;1;0;0;1;0;0;20;0;0;7;7;7;12.5;0;0;8;8;8;13.1375;0;12.4;0.5;1.79;Graduate
1;1;1;9500;1;1;141.0;1;19;38;5;7;125.5;0;0;0;1;0;0;18;0;0;8;10;8;12.86;2;0;8;10;8;12.86;2;9.4;-0.8;-3.12;Graduate
1;17;4;9670;1;1;135.0;1;38;38;9;7;127.0;1;0;0;1;0;0;18;0;0;6;10;6;12.25;0;0;6;9;6;13.714285714285714;0;11.1;0.6;2.02;Graduate
1;1;2;9085;1;1;117.0;1;38;37;9;9;113.5;1;0;0;1;0;1;21;0;0;5;7;4;12.0;0;0;5;5;5;12.2;0;10.8;1.4;1.74;Graduate
1;1;1;9500;1;1;160.0;1;19;19;4;9;154.4;0;0;0;1;0;1;18;0;0;7;9;7;15.116666666666667;0;0;8;9;8;16.168888888888887;0;15.5;2.8;-4.06;Graduate
1;51;1;9670;1;1;136.0;1;19;19;5;5;122.0;0;0;1;0;0;0;18;0;0;5;6;2;12.5;0;0;5;6;4;10.25;0;9.4;-0.8;-3.12;Dropout
1;17;2;9238;1;1;143.0;1;1;11;4;3;128.0;1;0;0;1;0;0;19;0;0;6;11;0;0.0;0;0;6;0;0;0.0;0;9.4;-0.8;-3.12;Dropout
1;1;1;9670;1;1;119.0;1;1;19;4;10;115.5;1;0;0;1;0;0;19;0;0;6;8;4;11.0;0;0;6;9;4;11.0;0;10.8;1.4;1.74;Enrolled
1;17;4;9670;1;1;120.0;1;1;19;5;5;117.2;1;0;0;1;0;0;18;0;0;6;8;6;11.875;0;0;6;11;4;14.6;0;11.1;0.6;2.02;Graduate
1;39;1;9130;1;3;150.0;1;3;1;90;90;150.0;1;0;0;1;0;0;34;0;1;5;6;1;11.0;0;0;5;5;0;0.0;0;12.7;3.7;-1.7;Dropout
1;1;3;9085;1;1;142.0;1;11;11;90;90;155.3;0;0;0;1;0;0;19;0;0;5;5;5;15.2;0;0;5;6;5;13.2;0;7.6;2.6;0.32;Graduate
1;44;1;9130;1;39;120.0;1;37;37;7;8;120.0;1;0;1;0;0;0;19;0;2;6;7;5;11.6;0;1;6;12;2;11.0;0;12.4;0.5;1.79;Dropout
1;51;1;9238;1;1;160.0;1;3;19;2;1;116.1;0;0;1;1;0;0;26;0;0;6;6;6;14.833333333333334;0;0;6;7;6;15.142857142857142;0;11.1;0.6;2.02;Graduate
1;17;1;9853;1;1;133.1;1;34;34;0;0;118.9;1;0;0;1;0;0;21;0;0;6;12;3;11.333333333333334;0;0;6;10;3;11.333333333333334;0;7.6;2.6;0.32;Dropout
1;17;2;9147;1;1;142.0;1;19;19;4;8;127.3;0;0;0;1;0;1;18;0;0;5;5;5;11.2;0;0;5;5;5;11.8;0;11.1;0.6;2.02;Graduate
1;17;4;9853;1;1;121.0;1;38;38;5;7;113.7;1;0;0;1;0;1;20;0;0;6;8;5;13.4;0;0;6;9;5;13.666666666666666;0;9.4;-0.8;-3.12;Graduate
1;51;1;9147;1;1;135.0;1;1;1;4;4;118.5;0;0;0;1;0;0;25;0;0;5;12;2;10.5;0;0;5;5;0;0.0;0;11.1;0.6;2.02;Dropout
1;1;1;9147;1;1;153.0;1;1;38;4;3;146.7;0;0;0;1;0;0;18;0;0;5;5;5;16.2;0;0;5;5;5;16.4;0;11.1;0.6;2.02;Graduate
1;1;1;9500;1;1;140.0;1;19;19;3;6;124.3;1;0;0;1;0;1;18;0;0;7;7;7;14.542857142857144;0;0;8;11;8;14.88181818181818;0;16.2;0.3;-0.92;Graduate
1;1;1;9500;1;1;152.0;1;41;19;3;5;137.8;0;0;0;1;0;0;19;0;0;7;7;7;13.694285714285714;0;0;8;9;8;14.355555555555554;0;11.1;0.6;2.02;Graduate
1;1;1;9238;1;1;120.0;1;19;38;5;9;130.2;0;0;0;1;0;1;18;0;0;6;8;6;11.285714285714286;0;0;6;10;6;11.857142857142858;0;12.4;0.5;1.79;Graduate
1;17;1;9500;1;1;160.0;1;38;38;7;7;147.8;0;0;0;1;0;0;20;0;0;7;11;6;11.757142857142856;0;0;8;12;6;13.083333333333334;0;15.5;2.8;-4.06;Enrolled
1;7;1;9085;1;40;150.0;1;19;19;9;5;150.0;0;0;1;0;0;0;26;0;0;3;3;0;0.0;0;0;6;0;0;0.0;0;8.9;1.4;3.51;Dropout
1;42;1;9500;1;1;100.0;1;37;37;7;9;100.0;1;0;0;1;0;1;19;0;0;8;8;7;13.058571428571428;0;0;8;8;7;13.058571428571428;0;10.8;1.4;1.74;Graduate
1;1;1;9500;1;1;150.0;1;1;1;5;1;155.6;0;0;0;1;0;0;19;0;0;7;7;7;14.3;0;0;8;9;8;14.055555555555555;0;16.2;0.3;-0.92;Graduate
1;43;4;9147;1;1;124.0;1;37;37;9;9;117.4;0;0;0;1;0;0;19;0;3;10;15;5;11.8;0;4;10;14;8;12.0;0;7.6;2.6;0.32;Graduate
1;5;3;9085;1;1;141.0;1;1;19;7;5;128.8;1;0;0;1;0;0;19;0;0;5;9;3;10.333333333333334;1;0;5;8;3;13.0;0;7.6;2.6;0.32;Enrolled
1;1;1;9254;1;1;121.0;1;19;19;5;8;117.5;1;0;0;1;0;0;18;0;0;6;7;6;10.571428571428571;0;0;6;11;3;11.666666666666666;0;16.2;0.3;-0.92;Graduate
1;43;1;9500;1;6;134.0;1;1;37;9;9;120.4;1;0;0;1;0;0;19;0;0;7;7;6;13.333333333333334;0;0;7;7;6;13.333333333333334;0;7.6;2.6;0.32;Graduate
1;1;1;9238;1;1;134.0;1;1;1;9;6;130.9;0;0;1;1;0;0;18;0;0;6;10;6;11.857142857142858;0;0;6;9;5;11.0;0;13.9;-0.3;0.79;Graduate
1;1;1;9853;1;1;132.0;1;2;19;4;4;125.0;1;0;0;1;0;0;18;0;0;6;9;5;12.6;0;0;6;8;5;11.4;0;9.4;-0.8;-3.12;Enrolled




















































































































































































































































































































































































































































































































































































































































































































































































































































































































































































































































































































































































































































































































































































































































































































































































































































































































































































































































































































































































































































































































































































































































































































































































































































































































































































































































































































































































































































































































































































































































































































































































































































































































































































































































































































































































































































































































































































































































































































































































































































































































1;1;5;9147;1;1;134.0;1;3;2;2;2;134.7;0;0;0;1;1;0;22;0;1;5;10;4;11.75;0;0;5;10;3;11.0;0;7.6;2.6;0.32;Enrolled
1;1;1;9085;1;1;134.0;1;37;19;9;9;136.8;1;0;0;1;1;0;20;0;0;5;8;5;12.8;0;0;5;9;4;13.666666666666666;1;10.8;1.4;1.74;Graduate
1;44;1;9085;1;39;160.0;1;1;1;4;4;160.0;0;0;0;1;1;0;21;0;1;5;15;3;12.333333333333334;2;0;5;7;5;11.4;0;9.4;-0.8;-3.12;Graduate
1;44;1;9003;1;39;130.0;1;1;3;9;2;130.0;1;0;1;0;1;0;23;0;0;6;12;2;11.333333333333334;0;0;6;8;2;13.0;0;13.9;-0.3;0.79;Dropout
1;1;1;9238;1;1;141.0;1;19;1;7;3;128.8;1;0;0;1;1;0;18;0;0;6;10;5;11.6;0;0;6;6;6;11.166666666666666;0;10.8;1.4;1.74;Graduate
1;1;1;171;1;1;147.0;1;1;12;4;4;148.4;1;0;0;1;1;1;20;0;8;14;15;12;10.923076923076923;0;7;13;14;11;12.181818181818182;0;11.1;0.6;2.02;Graduate
1;1;1;171;1;1;137.0;1;1;38;4;5;130.4;1;0;0;1;1;0;19;0;0;0;0;0;0.0;0;0;0;0;0;0.0;0;15.5;2.8;-4.06;Graduate
2;39;1;9500;1;3;130.0;1;1;1;4;6;126.0;0;0;0;1;1;0;32;0;0;7;7;7;13.62857142857143;0;0;8;8;8;13.9125;0;13.9;-0.3;0.79;Graduate
1;1;6;9254;1;1;119.0;1;19;19;9;9;118.7;1;0;0;1;1;0;20;0;0;6;16;3;10.333333333333334;0;0;6;16;1;11.0;0;10.8;1.4;1.74;Dropout
1;39;1;9003;1;1;130.0;1;38;37;7;7;120.0;0;0;0;1;1;0;32;0;12;18;25;18;13.736842105263158;0;10;13;15;12;13.75;1;15.5;2.8;-4.06;Graduate
1;39;1;9003;1;1;130.0;1;38;19;9;6;120.0;1;0;0;1;1;0;28;0;7;13;19;8;11.625;0;5;10;17;6;11.0;0;15.5;2.8;-4.06;Enrolled
1;44;1;9070;1;39;120.0;1;1;38;5;5;116.3;1;1;0;1;1;1;21;0;2;7;7;4;11.5;0;5;9;10;7;12.142857142857142;0;12.4;0.5;1.79;Graduate
1;1;1;9773;1;1;130.0;1;38;37;9;6;133.9;0;0;0;1;1;1;19;0;0;6;8;5;14.0;0;0;6;8;6;13.0;0;10.8;1.4;1.74;Graduate
1;39;1;9991;0;39;150.0;1;19;19;9;9;150.3;0;0;0;1;1;0;24;0;0;5;7;3;11.333333333333334;0;0;5;6;0;0.0;0;10.8;1.4;1.74;Dropout
1;17;1;9147;1;1;120.0;1;38;38;9;8;118.3;0;0;0;1;1;0;18;0;0;5;13;1;10.0;0;0;5;5;1;10.0;0;12.7;3.7;-1.7;Dropout
1;44;1;9003;1;39;130.0;1;1;37;6;6;130.0;1;0;0;1;1;0;20;0;0;6;14;5;11.714285714285714;0;0;6;15;5;12.0;0;16.2;0.3;-0.92;Graduate
1;43;1;171;1;39;140.0;1;38;37;9;7;140.0;0;0;0;0;1;0;25;0;0;0;0;0;0.0;0;0;0;0;0;0.0;0;15.5;2.8;-4.06;Dropout
1;17;6;9147;1;1;130.0;1;37;37;9;9;110.4;1;0;0;1;1;0;25;0;13;15;15;13;10.76923076923077;0;11;14;15;12;11.833333333333334;0;7.6;2.6;0.32;Dropout
1;17;4;9773;1;1;147.0;1;1;1;4;5;139.7;1;0;0;1;1;0;18;0;0;6;10;5;11.6;0;0;6;6;6;12.0;0;9.4;-0.8;-3.12;Dropout
1;1;1;9147;1;1;148.0;1;19;1;7;5;138.3;1;0;0;1;1;0;19;0;0;5;6;4;13.75;0;0;5;5;0;0.0;0;12.4;0.5;1.79;Dropout
1;1;5;9147;1;1;133.0;1;19;3;9;9;123.2;1;0;0;1;1;0;18;0;0;5;14;4;11.0;0;0;5;9;5;10.5;0;13.9;-0.3;0.79;Dropout
1;42;1;9147;1;1;135.0;1;19;1;4;4;120.0;0;0;0;0;1;0;25;0;0;5;6;0;0.0;0;0;5;5;0;0.0;0;15.5;2.8;-4.06;Dropout
1;39;1;171;1;1;116.0;1;34;34;0;0;127.0;1;0;0;1;1;0;38;0;0;0;0;0;0.0;0;0;0;0;0;0.0;0;7.6;2.6;0.32;Dropout
1;44;1;171;1;39;110.0;1;1;1;1;7;114.2;0;0;0;1;1;0;19;0;0;0;0;0;0.0;0;0;0;0;0;0.0;0;12.4;0.5;1.79;Dropout
1;1;4;9773;1;1;133.0;1;1;19;9;9;119.7;1;0;0;1;1;0;19;0;0;6;7;6;12.333333333333334;0;0;6;10;5;13.2;0;16.2;0.3;-0.92;Graduate
1;44;1;9085;1;39;150.0;1;38;37;9;4;150.0;1;0;0;1;1;1;22;0;0;6;9;6;13.428571428571429;0;1;6;12;6;13.625;0;12.4;0.5;1.79;Graduate
1;1;6;9119;1;1;135.0;1;2;1;3;5;123.5;1;0;0;1;1;0;18;0;0;5;10;0;0.0;0;0;5;10;1;10.0;3;7.6;2.6;0.32;Enrolled
1;7;1;9991;0;3;130.0;1;19;19;3;9;130.0;0;0;0;0;1;0;32;0;0;5;12;4;14.75;0;0;5;9;2;15.0;0;16.2;0.3;-0.92;Dropout
1;43;1;9853;1;1;130.0;1;2;39;2;5;124.6;0;0;0;1;1;0;37;0;19;21;21;21;12.476190476190476;0;13;19;19;19;12.210526315789474;0;12.4;0.5;1.79;Graduate
1;17;1;9119;1;1;132.0;1;37;37;9;6;119.4;1;0;0;1;1;0;21;0;0;5;8;0;0.0;0;0;5;5;0;0.0;0;7.6;2.6;0.32;Dropout
1;1;1;9254;1;1;125.0;1;1;3;4;1;121.9;1;0;0;1;1;0;18;0;0;6;15;3;11.666666666666666;0;0;6;14;2;12.5;0;10.8;1.4;1.74;Dropout
1;1;3;9070;1;1;118.0;1;43;3;123;123;110.0;1;0;1;1;1;0;19;0;0;6;6;6;12.0;0;0;6;7;6;13.571428571428571;0;8.9;1.4;3.51;Graduate
1;17;1;9670;1;1;118.0;1;1;19;4;8;118.7;0;0;0;1;1;1;19;0;0;6;7;6;12.0;0;0;6;6;6;14.0;0;12.4;0.5;1.79;Graduate
1;1;1;171;1;1;161.0;41;1;1;9;7;163.1;1;0;0;0;0;0;19;1;6;12;12;12;15.25;0;4;11;12;11;15.0;0;8.9;1.4;3.51;Graduate
1;17;1;9773;1;1;136.0;1;19;38;9;9;121.7;1;0;0;1;1;1;19;0;0;6;9;5;12.4;0;0;6;6;6;13.166666666666666;0;12.7;3.7;-1.7;Graduate
1;15;1;9147;1;1;135.0;26;1;1;9;7;135.0;0;0;1;1;1;0;21;1;0;5;9;3;12.333333333333334;0;0;5;8;4;11.25;0;8.9;1.4;3.51;Enrolled
4;39;1;9991;0;1;147.0;1;19;19;7;8;147.9;0;0;0;1;0;0;28;0;0;5;8;4;11.5;0;0;5;7;4;12.0;0;10.8;1.4;1.74;Enrolled
1;1;1;9773;1;1;124.0;17;1;1;3;5;118.1;1;0;1;0;0;0;19;1;0;6;8;5;12.2;0;0;6;6;4;11.75;0;16.2;0.3;-0.92;Dropout
1;39;1;9991;0;19;133.1;1;37;37;9;6;105.3;0;0;1;1;0;0;28;0;0;5;14;2;10.5;0;0;5;6;0;0.0;0;12.4;0.5;1.79;Dropout
1;1;1;9500;1;1;141.0;1;19;19;7;9;139.8;0;0;0;1;0;1;19;0;0;8;8;7;14.4;0;0;8;8;7;14.4;0;12.7;3.7;-1.7;Graduate
2;7;1;8014;0;3;130.0;1;19;38;3;7;130.0;0;0;0;1;0;0;32;0;8;14;18;13;12.846153846153848;0;7;11;19;10;12.8;0;10.8;1.4;1.74;Graduate
1;39;1;8014;0;39;110.0;1;19;37;9;8;127.5;0;0;1;0;0;0;26;0;0;6;13;4;12.0;0;0;6;7;5;13.2;0;16.2;0.3;-0.92;Dropout
2;39;1;9147;1;12;133.1;1;37;37;9;9;120.0;0;0;0;1;0;0;25;0;0;5;0;0;0.0;0;0;5;0;0;0.0;0;9.4;-0.8;-3.12;Dropout
2;43;2;9853;1;1;130.0;1;38;31;4;1;124.2;0;0;0;1;0;0;31;0;3;7;8;6;13.666666666666666;0;1;6;8;5;13.5;0;9.4;-0.8;-3.12;Dropout
1;17;1;9238;1;1;120.0;1;37;1;9;5;113.4;1;0;0;1;0;1;20;0;0;6;10;5;11.857142857142858;0;0;6;8;6;11.666666666666666;0;12.7;3.7;-1.7;Graduate
1;1;4;9238;1;1;133.1;1;1;37;8;9;118.0;1;0;0;1;0;0;19;0;0;6;0;0;0.0;0;0;6;0;0;0.0;0;12.7;3.7;-1.7;Dropout
1;17;1;171;1;1;145.0;1;37;19;5;9;130.0;1;0;0;1;0;0;23;0;0;0;0;0;0.0;0;0;0;0;0;0.0;0;11.1;0.6;2.02;Dropout
1;1;1;9238;1;1;131.0;1;37;1;9;9;135.9;1;0;0;1;0;0;18;0;0;6;8;5;13.2;0;0;6;6;6;11.333333333333334;0;9.4;-0.8;-3.12;Graduate
1;1;2;9238;1;1;147.0;1;19;38;9;8;135.8;1;0;0;1;0;1;19;0;0;6;8;6;12.714285714285714;0;0;6;12;5;11.0;0;13.9;-0.3;0.79;Dropout
1;1;1;9254;1;1;138.0;1;38;19;9;10;133.1;0;0;0;1;0;0;18;0;0;6;6;6;12.5;0;0;6;6;6;12.666666666666666;0;15.5;2.8;-4.06;Graduate
1;1;1;9147;1;1;123.0;1;1;1;4;6;118.8;1;0;0;1;0;0;21;0;0;5;9;3;10.666666666666666;0;0;5;13;2;12.5;0;7.6;2.6;0.32;Enrolled
1;1;2;9773;1;1;129.0;1;37;37;9;7;117.1;1;0;0;1;0;0;20;0;0;6;12;1;17.0;0;0;6;12;1;17.0;0;9.4;-0.8;-3.12;Enrolled
1;1;1;9085;1;1;125.0;1;1;19;4;9;114.5;1;0;0;1;0;0;24;0;0;5;6;5;13.0;1;0;5;9;4;13.25;0;12.7;3.7;-1.7;Graduate
1;1;1;9670;1;1;131.0;1;37;37;9;6;127.2;0;0;0;1;0;1;18;0;0;5;7;3;12.666666666666666;0;0;5;5;4;12.5;0;9.4;-0.8;-3.12;Enrolled
1;42;1;9500;1;1;100.0;1;3;37;2;6;130.0;1;0;0;1;0;0;25;0;0;14;14;12;13.291666666666666;1;0;14;14;12;13.291666666666666;1;7.6;2.6;0.32;Graduate
1;17;1;9085;1;1;120.0;1;2;3;2;2;116.1;0;0;0;1;0;0;20;0;0;5;12;3;11.666666666666666;2;0;5;11;4;11.5;1;9.4;-0.8;-3.12;Graduate
1;17;2;9500;1;1;145.0;1;19;37;5;9;130.5;1;0;0;1;0;0;18;0;0;8;8;7;14.24;0;0;8;8;7;14.24;0;10.8;1.4;1.74;Graduate
1;39;1;9670;1;1;120.0;1;34;34;0;0;104.0;1;0;0;1;0;0;24;0;0;5;10;3;13.0;0;0;5;11;3;11.333333333333334;0;7.6;2.6;0.32;Dropout
1;17;2;9500;1;1;140.0;1;1;1;5;10;128.5;1;0;0;1;0;0;18;0;0;7;9;5;14.06;0;0;7;9;6;12.571428571428571;0;12.4;0.5;1.79;Enrolled
1;17;5;9238;1;1;134.0;1;38;37;9;9;126.0;0;0;1;0;0;0;21;0;0;6;10;5;11.833333333333334;0;0;6;10;5;13.2;0;13.9;-0.3;0.79;Dropout
1;1;1;9773;1;1;140.0;1;1;19;5;10;141.1;1;0;0;1;0;0;18;0;0;6;6;6;12.833333333333334;0;0;6;6;6;13.333333333333334;0;9.4;-0.8;-3.12;Graduate
1;17;2;9254;1;1;107.0;1;12;19;5;5;102.8;1;0;0;1;0;0;20;0;0;6;16;1;10.0;0;0;6;12;0;0.0;0;10.8;1.4;1.74;Dropout
1;17;5;9147;1;1;133.0;1;1;1;4;4;129.2;1;0;0;1;0;0;19;0;0;5;9;2;11.0;0;0;5;12;2;10.0;0;7.6;2.6;0.32;Dropout
1;1;1;9500;1;1;127.0;1;3;1;2;9;119.3;1;0;0;1;0;0;20;0;0;7;7;7;14.105714285714289;0;0;8;8;8;13.6625;0;11.1;0.6;2.02;Graduate
1;1;5;9500;1;1;141.0;1;38;19;9;6;126.3;1;0;0;1;0;0;20;0;0;8;12;7;12.471428571428572;0;0;8;12;7;12.471428571428572;0;12.7;3.7;-1.7;Graduate
1;44;1;9085;1;39;140.0;1;3;1;4;3;140.0;1;0;0;1;0;1;20;0;2;6;11;6;11.833333333333334;0;1;6;17;5;11.857142857142858;0;12.4;0.5;1.79;Graduate
1;1;3;9070;1;1;150.0;1;1;1;4;8;131.5;1;0;0;1;0;0;20;0;0;6;6;6;12.5;0;0;6;6;6;12.833333333333334;0;7.6;2.6;0.32;Graduate
1;1;6;9853;1;1;140.0;1;38;38;9;7;137.6;1;0;0;1;0;0;18;0;0;6;7;6;11.666666666666666;0;0;6;7;6;12.333333333333334;0;10.8;1.4;1.74;Dropout
1;1;1;171;1;1;141.0;1;3;1;4;4;142.8;1;0;0;1;0;0;18;0;0;0;0;0;0.0;0;0;0;0;0;0.0;0;12.4;0.5;1.79;Graduate
4;39;1;9991;0;1;150.0;1;37;38;9;9;146.2;0;0;0;1;0;0;30;0;0;5;11;3;10.333333333333334;0;0;5;10;4;12.8;0;12.4;0.5;1.79;Enrolled
1;1;2;9085;1;1;160.0;1;4;19;2;5;162.1;1;0;0;1;0;0;18;0;0;5;8;5;16.166666666666668;2;0;5;9;5;14.285714285714286;1;9.4;-0.8;-3.12;Graduate
1;39;1;9085;1;19;133.1;1;37;37;4;8;140.0;0;0;0;1;0;0;35;0;0;6;11;3;12.666666666666666;0;0;6;7;0;0.0;0;11.1;0.6;2.02;Dropout
1;39;1;8014;0;1;133.1;1;19;37;7;8;120.0;0;0;1;0;0;0;31;0;0;6;14;2;10.5;0;0;6;6;3;12.333333333333334;0;11.1;0.6;2.02;Dropout
1;43;1;9254;1;1;134.0;1;37;37;9;9;133.3;1;0;1;1;0;0;19;0;0;6;13;2;11.5;0;0;6;13;1;11.0;0;7.6;2.6;0.32;Dropout
1;1;4;9238;1;1;130.0;1;1;19;4;5;124.8;1;0;0;1;0;0;19;0;0;6;6;6;13.0;0;0;6;8;5;13.4;0;8.9;1.4;3.51;Graduate
1;17;4;9500;1;1;140.0;1;19;37;4;8;133.3;1;0;0;1;0;0;19;0;0;7;7;6;11.966666666666669;0;0;7;7;6;11.966666666666669;0;7.6;2.6;0.32;Graduate
1;17;1;9500;1;1;145.0;1;3;3;2;3;141.8;0;0;0;1;0;0;19;0;0;8;8;8;13.3475;0;0;8;8;8;13.3475;0;9.4;-0.8;-3.12;Graduate
1;1;3;9085;1;1;133.0;1;1;38;9;90;128.2;0;0;0;1;0;0;21;0;0;5;7;5;12.0;0;0;5;7;4;12.5;0;7.6;2.6;0.32;Graduate
1;17;3;9853;1;1;133.1;1;34;34;0;0;115.0;0;0;0;1;0;0;18;0;0;6;10;2;10.5;0;0;6;13;0;0.0;0;7.6;2.6;0.32;Dropout
1;17;1;9238;1;1;132.0;1;37;37;9;9;123.6;1;0;0;1;0;0;18;0;0;6;9;4;11.5;0;0;6;10;4;10.75;0;7.6;2.6;0.32;Enrolled
1;1;2;171;1;1;117.0;1;38;38;4;9;120.2;1;0;0;1;1;0;19;0;0;0;0;0;0.0;0;0;0;0;0;0.0;0;7.6;2.6;0.32;Graduate
1;1;1;9670;1;1;127.0;1;3;19;3;9;127.0;1;0;0;1;1;0;18;0;0;6;9;6;13.571428571428571;0;0;6;11;4;14.0;0;12.4;0.5;1.79;Graduate
1;17;1;9085;1;1;134.0;1;19;19;1;1;120.4;1;0;0;1;1;0;18;0;0;6;10;6;14.7;0;0;6;10;6;12.0;0;16.2;0.3;-0.92;Graduate
1;39;1;9991;0;1;120.0;1;37;37;9;9;120.0;1;0;0;0;1;0;25;0;0;5;5;0;0.0;0;0;5;5;0;0.0;0;9.4;-0.8;-3.12;Dropout
1;1;1;9500;1;1;136.0;1;2;2;3;3;120.0;1;0;0;1;1;0;18;0;0;7;8;6;11.833333333333334;0;0;7;8;6;11.833333333333334;0;7.6;2.6;0.32;Enrolled
1;1;3;171;1;1;137.0;1;1;3;5;2;133.9;1;0;0;1;1;0;19;0;0;0;0;0;0.0;0;0;0;0;0;0.0;0;12.7;3.7;-1.7;Graduate
1;1;6;9500;1;1;118.0;1;38;19;3;3;113.5;1;0;0;1;1;0;18;0;0;7;7;7;13.175714285714289;0;0;8;8;8;14.925;0;12.4;0.5;1.79;Graduate
1;39;1;9003;1;1;130.0;1;12;12;9;9;126.1;0;0;0;1;1;0;24;0;0;6;7;0;0.0;0;0;6;10;0;0.0;0;12.4;0.5;1.79;Dropout
1;1;1;9238;1;1;124.0;1;37;37;7;9;121.2;0;0;0;1;0;0;19;0;0;6;12;2;13.0;0;0;6;9;6;10.833333333333334;0;7.6;2.6;0.32;Enrolled
5;7;1;9500;1;40;150.0;1;37;37;4;9;150.0;0;0;0;1;0;0;29;0;1;8;11;7;13.742857142857144;0;1;8;11;7;13.742857142857144;0;12.7;3.7;-1.7;Graduate
1;43;1;9991;0;1;161.0;1;37;37;9;9;100.0;1;0;0;1;0;0;27;0;0;5;5;0;0.0;0;0;5;5;0;0.0;0;7.6;2.6;0.32;Dropout
1;17;6;9500;1;1;143.0;1;38;1;9;10;127.3;1;0;0;1;0;0;18;0;0;7;8;7;12.217142857142855;0;0;8;11;7;12.11875;0;11.1;0.6;2.02;Graduate
2;43;1;9991;0;1;130.0;1;37;37;9;9;103.8;0;0;0;1;0;0;28;0;14;15;15;14;11.071428571428571;0;12;14;16;12;11.333333333333334;1;9.4;-0.8;-3.12;Dropout
2;39;1;9853;1;19;133.1;1;37;37;9;9;131.0;0;0;0;1;0;1;32;0;0;7;10;7;13.428571428571429;0;2;8;8;8;13.25;0;13.9;-0.3;0.79;Graduate
1;39;1;9991;0;1;110.0;1;37;37;7;7;133.9;0;0;0;1;0;0;30;0;0;5;7;5;11.4;0;0;5;6;5;13.666666666666666;0;10.8;1.4;1.74;Dropout
1;7;1;9500;1;2;140.0;1;38;37;7;8;140.0;0;0;0;1;0;0;29;0;0;8;14;4;11.325;1;0;8;14;4;11.325;1;12.7;3.7;-1.7;Dropout
1;1;2;9238;1;1;145.0;1;1;19;4;8;121.4;0;0;0;1;0;0;20;0;0;6;13;0;0.0;0;0;5;11;0;0.0;0;9.4;-0.8;-3.12;Enrolled
1;1;1;9500;1;1;131.0;1;1;1;9;9;122.0;0;0;0;1;0;0;19;0;0;8;8;7;15.0;0;0;8;8;7;15.0;0;12.7;3.7;-1.7;Graduate
1;39;2;8014;0;1;141.0;1;37;37;9;9;150.5;0;0;0;1;0;0;29;0;0;6;7;6;13.166666666666666;0;0;6;8;6;15.625;0;12.4;0.5;1.79;Graduate
2;1;1;9238;1;1;145.0;1;37;34;9;7;139.4;0;0;0;0;0;0;27;0;0;6;12;2;11.0;0;0;6;14;4;10.5;0;9.4;-0.8;-3.12;Dropout
1;1;1;9238;1;1;122.0;1;19;19;193;194;112.6;0;0;0;1;0;0;19;0;0;6;0;0;0.0;0;0;6;0;0;0.0;0;12.4;0.5;1.79;Dropout
1;17;1;9670;1;1;118.0;1;37;38;8;7;115.2;1;0;0;1;0;1;21;0;0;5;7;3;12.333333333333334;0;0;5;5;2;12.5;0;7.6;2.6;0.32;Dropout
2;1;1;9991;0;1;150.0;1;37;37;9;9;131.8;0;0;0;0;0;0;29;0;0;5;6;4;12.25;0;0;5;6;5;10.166666666666666;0;10.8;1.4;1.74;Dropout
2;43;1;9147;1;2;120.0;1;37;37;9;9;122.8;0;0;1;0;0;0;42;0;13;13;13;13;11.923076923076923;0;12;12;12;12;12.5;0;15.5;2.8;-4.06;Dropout
1;1;1;9238;1;1;167.0;1;19;19;9;7;156.2;0;0;0;1;0;1;18;0;0;6;6;6;14.333333333333334;0;0;6;7;6;14.142857142857142;0;15.5;2.8;-4.06;Graduate
1;39;1;9085;1;1;150.0;1;38;38;9;9;132.0;1;0;0;1;0;0;24;0;0;5;6;5;12.0;0;0;5;5;5;13.0;0;10.8;1.4;1.74;Graduate
2;7;1;9500;1;3;130.0;1;37;37;9;5;130.0;0;0;0;1;0;0;32;0;0;7;9;7;13.761111111111113;0;1;8;11;7;12.06375;0;15.5;2.8;-4.06;Enrolled
1;1;1;9147;1;1;151.0;1;37;1;4;10;138.4;0;0;0;1;0;0;18;0;0;5;6;4;11.25;0;0;5;8;5;11.0;0;10.8;1.4;1.74;Enrolled
1;39;1;9991;0;1;120.0;1;38;38;5;7;146.2;0;0;0;1;0;0;27;0;0;5;10;3;12.333333333333334;0;0;5;10;3;10.666666666666666;0;11.1;0.6;2.02;Graduate
1;1;4;9500;1;1;168.0;1;38;1;9;10;166.0;1;0;0;1;0;0;18;0;0;8;8;8;14.88875;0;0;8;8;8;14.88875;0;9.4;-0.8;-3.12;Graduate
1;17;3;9773;1;1;153.0;1;34;34;99;99;133.1;1;0;1;1;0;1;19;0;0;6;8;6;12.166666666666666;0;0;6;8;5;12.4;0;9.4;-0.8;-3.12;Dropout
1;1;2;9773;1;1;131.0;1;19;37;9;10;121.9;1;0;0;1;0;1;18;0;0;6;7;6;12.666666666666666;0;0;6;6;6;13.333333333333334;0;11.1;0.6;2.02;Graduate
1;5;4;9853;1;1;116.0;1;3;38;3;8;110.4;1;0;0;1;0;0;21;0;0;6;9;5;12.6;0;0;6;9;3;11.666666666666666;0;9.4;-0.8;-3.12;Enrolled
1;39;1;9147;1;1;160.0;1;38;38;7;9;121.4;0;1;0;1;0;1;26;0;0;5;8;4;13.0;0;0;5;10;4;12.25;2;16.2;0.3;-0.92;Graduate
1;1;1;9254;1;1;152.0;1;37;19;9;9;137.0;1;0;0;1;0;1;22;0;0;6;9;6;13.875;0;0;6;6;6;14.333333333333334;0;9.4;-0.8;-3.12;Graduate
2;39;1;9991;0;1;133.1;1;37;37;6;3;140.0;0;0;1;1;1;0;37;0;0;5;10;4;10.75;0;0;5;12;3;13.333333333333334;0;9.4;-0.8;-3.12;Dropout
1;7;1;9085;1;3;150.0;1;19;37;90;90;140.0;0;0;0;1;1;0;24;0;3;5;10;3;14.666666666666666;1;0;5;5;0;0.0;0;7.6;2.6;0.32;Dropout
1;18;2;9853;1;1;168.0;1;1;19;3;9;126.8;1;0;0;1;1;0;18;0;0;6;7;5;12.6;0;0;6;6;6;13.0;0;10.8;1.4;1.74;Enrolled
1;17;3;9500;1;1;137.0;1;1;1;4;10;124.8;1;0;0;1;1;1;19;0;0;7;11;6;12.4125;0;0;8;12;7;11.2625;0;15.5;2.8;-4.06;Graduate
2;39;1;9130;1;19;133.1;1;2;1;8;8;120.0;1;0;1;0;1;0;28;0;0;6;12;1;11.0;0;0;6;9;2;10.5;0;16.2;0.3;-0.92;Dropout
1;1;4;9500;1;1;160.0;1;37;37;7;7;133.0;1;0;0;1;1;1;18;0;0;8;8;7;14.314285714285717;0;0;8;8;7;14.314285714285717;0;12.7;3.7;-1.7;Graduate
1;1;1;9070;1;1;145.0;1;1;38;5;7;127.5;1;0;0;1;1;0;20;0;0;6;6;4;12.0;0;0;6;8;2;11.333333333333334;0;10.8;1.4;1.74;Enrolled
1;1;1;9773;1;1;138.0;1;1;19;4;4;131.7;1;0;0;1;1;0;18;0;0;6;6;6;12.833333333333334;0;0;6;7;6;13.285714285714286;0;15.5;2.8;-4.06;Graduate
2;39;1;9773;1;1;100.0;1;37;37;9;9;133.0;0;0;0;1;1;0;47;0;0;6;8;5;11.4;0;0;6;10;6;11.666666666666666;0;12.7;3.7;-1.7;Dropout
2;43;1;9991;0;1;140.0;1;37;37;4;1;122.7;0;0;0;1;1;0;38;0;0;5;5;5;14.6;0;0;5;6;5;14.333333333333334;0;13.9;-0.3;0.79;Graduate
1;1;1;9070;1;1;124.0;1;37;19;9;4;121.2;0;0;0;1;1;1;20;0;1;6;7;6;13.5;0;1;6;9;5;12.5;0;10.8;1.4;1.74;Graduate
1;44;1;9130;1;39;150.0;1;37;37;9;3;150.0;1;0;0;1;1;0;21;0;1;6;8;6;12.5;0;0;6;11;3;13.333333333333334;0;13.9;-0.3;0.79;Dropout
1;43;1;9070;1;1;125.0;1;19;19;7;8;133.4;1;0;0;1;1;1;19;0;4;6;6;4;13.0;0;2;6;7;5;12.2;0;13.9;-0.3;0.79;Enrolled
1;43;1;33;1;1;143.0;1;37;1;9;10;121.2;1;0;0;1;1;0;25;0;5;10;13;5;11.6;0;2;8;10;2;13.0;0;12.4;0.5;1.79;Enrolled
1;1;1;9130;1;1;137.0;1;3;38;3;5;129.3;1;0;0;1;0;0;18;0;0;5;6;5;11.8;1;0;5;8;5;11.6;0;9.4;-0.8;-3.12;Graduate
4;39;1;9500;1;19;133.1;1;37;37;6;6;117.8;0;0;1;0;0;0;46;0;0;7;14;3;12.333333333333334;0;0;7;12;3;11.083333333333334;0;11.1;0.6;2.02;Dropout
1;43;2;9500;1;1;136.0;1;38;38;9;5;131.3;0;0;0;1;0;0;23;0;11;14;15;12;12.625;1;11;14;15;12;12.625;1;7.6;2.6;0.32;Graduate
1;1;1;9070;1;1;132.0;1;1;1;9;9;133.8;1;0;0;1;0;1;20;0;0;6;6;6;13.833333333333334;0;0;6;6;6;13.5;0;16.2;0.3;-0.92;Graduate
1;44;1;9070;1;39;120.0;1;3;38;3;9;120.0;0;0;0;1;1;0;20;0;2;7;7;6;12.5;0;5;9;10;7;13.142857142857142;1;16.2;0.3;-0.92;Graduate
1;1;6;9773;1;1;125.0;1;1;1;5;4;122.2;0;0;0;1;1;0;19;0;0;6;7;5;13.6;0;0;6;8;5;12.666666666666666;0;15.5;2.8;-4.06;Graduate
1;1;2;9773;1;1;120.0;105;1;1;9;9;119.0;1;0;1;0;0;0;18;1;0;6;6;6;12.0;0;0;6;6;2;11.0;0;11.1;0.6;2.02;Dropout
1;1;1;9500;1;1;154.0;1;37;37;9;9;149.5;1;0;0;1;0;1;30;0;0;7;8;7;14.9125;0;0;8;9;1;13.5;0;13.9;-0.3;0.79;Dropout
1;1;1;9147;1;1;180.0;1;37;37;7;4;153.8;1;0;0;1;0;1;20;0;0;5;5;5;13.8;0;0;5;6;5;12.0;0;9.4;-0.8;-3.12;Graduate
1;10;1;9773;1;1;152.0;22;38;37;5;9;152.0;1;0;0;1;0;0;22;1;0;6;8;6;11.666666666666666;0;0;6;6;6;13.0;0;12.7;3.7;-1.7;Graduate
